	greek	http://dbpedia.org/ontology/architecturalStyle	greek revival architecture	1659	<adj> revival architecture	JJ NN NN	<adj> NN NN	0.5387840670859538	0.007518796992481203	0.01818181818181818	0.10708996071865542	0.10683237813123833	0.10683237813123833	eek	0.1923076923076923	1	0	1	0.5387840670859538
	neoclassical	http://dbpedia.org/ontology/architecturalStyle	neoclassical architecture	589	<adj> architecture	JJ NN	<adj> NNP	0.5387840670859538	0.007518796992481203	0.01818181818181818	0.03805782729087514	0.03792903599716659	0.037993431644020866	cal	0.48	1	0	1	0.5387840670859538
	romanesque	http://dbpedia.org/ontology/architecturalStyle	richardsonian romanesque	112	richardsonian <adj>	JJ JJ	JJ <adj>	0.5387840670859538	0.007518796992481203	0.01818181818181818	0.03702749694120677	0.007212312447678537	0.007212312447678537	que	0.41666666666666663	0	1	2	0.5387840670859538
	colonial	http://dbpedia.org/ontology/architecturalStyle	monterey colonial architecture	6	monterey <adj> architecture	NNP NNP NNP	NNP <adj> NNP	0.5387840670859538	0.007518796992481203	0.01818181818181818	0.07502092858522764	3.863738811256359E-4	3.863738811256359E-4	ial	0.2666666666666667	0	0	2	0.5387840670859538
	victorian	http://dbpedia.org/ontology/architecturalStyle	victorian architecture	453	<adj> architecture	JJ NN	<adj> NNP	0.5387840670859538	0.007518796992481203	0.01818181818181818	0.0294288106124026	0.02917122802498551	0.02917122802498551	ian	0.40909090909090906	1	0	1	0.5387840670859538
	round	http://dbpedia.org/ontology/architecturalStyle	round barn	46	<adj> barn	NNP NNP	<adj> NNP	0.5387840670859538	0.007518796992481203	0.01818181818181818	0.002962199755296542	0.002962199755296542	0.002962199755296542	und	0.5	1	0	1	0.5387840670859538
	french	http://dbpedia.org/ontology/architecturalStyle	second french empire	2	second <adj> empire	JJ JJ NN	JJ <adj> NN	0.5387840670859538	0.007518796992481203	0.01818181818181818	8.371434091055445E-4	1.287912937085453E-4	1.287912937085453E-4	nch	0.30000000000000004	0	0	2	0.5387840670859538
	gothic	http://dbpedia.org/ontology/architecturalStyle	english gothic architecture	521	english <adj> architecture	NNP JJ NN	NNP <adj> NNP	0.5387840670859538	0.007518796992481203	0.01818181818181818	0.1391589928520832	0.03355013201107605	0.03355013201107605	hic	0.2222222222222222	0	0	2	0.5387840670859538
	second	http://dbpedia.org/ontology/architecturalStyle	second empire architecture	278	<adj> empire architecture	JJ NN NN	<adj> NNP NNP	0.5387840670859538	0.007518796992481203	0.01818181818181818	0.017901989825487796	0.017901989825487796	0.017901989825487796	ond	0.23076923076923073	1	0	1	0.5387840670859538
	italianate	http://dbpedia.org/ontology/architecturalStyle	italianate architecture	1069	<adj> architecture	JJ NN	<adj> NNP	0.5387840670859538	0.007518796992481203	0.01818181818181818	0.06883894648721746	0.06883894648721746	0.06883894648721746	ate	0.4347826086956522	1	0	1	0.5387840670859538
	modern	http://dbpedia.org/ontology/architecturalStyle	modern architecture	251	<adj> architecture	JJ NN	<adj> NNP	0.5387840670859538	0.007518796992481203	0.01818181818181818	0.016356494300985253	0.016163307360422437	0.01867473758773907	ern	0.3157894736842105	1	0	1	0.5387840670859538
	renaissance	http://dbpedia.org/ontology/architecturalStyle	renaissance revival architecture	218	<adj> revival architecture	NNP NN NN	<adj> NN NN	0.5387840670859538	0.007518796992481203	0.01818181818181818	0.022602872045849702	0.014038251014231439	0.014360229248502802	nce	0.34375	1	0	1	0.5387840670859538
	moderne	http://dbpedia.org/ontology/architecturalStyle	streamline moderne	70	streamline <adj>	VB NN	VB <adj>	0.5387840670859538	0.007518796992481203	0.01818181818181818	0.008307038444201172	0.004507695279799086	0.004507695279799086	rne	0.38888888888888884	0	1	2	0.5387840670859538
	tudor	http://dbpedia.org/ontology/architecturalStyle	tudor architecture	14	<adj> architecture	NNP NNP	<adj> NNP	0.5387840670859538	0.007518796992481203	0.01818181818181818	0.018545946294030523	9.015390559598171E-4	9.015390559598171E-4	dor	0.2777777777777778	1	0	1	0.5387840670859538
	mediterranean	http://dbpedia.org/ontology/architecturalStyle	mediterranean revival architecture	82	<adj> revival architecture	JJ NN NN	<adj> NN NN	0.5387840670859538	0.007518796992481203	0.01818181818181818	0.00534483868890463	0.005280443042050357	0.005280443042050357	ean	0.38235294117647056	1	0	1	0.5387840670859538
	french	http://dbpedia.org/ontology/architecturalStyle	17th-century french art	8	17th-century <adj> art	JJ JJ NN	JJ <adj> NN	0.5387840670859538	0.007518796992481203	0.01818181818181818	8.371434091055445E-4	5.151651748341812E-4	5.151651748341812E-4	nch	0.26086956521739135	0	0	2	0.5387840670859538
	britain	http://dbpedia.org/ontology/architecturalStyle	anne, queen of great britain	5	anne, queen of great <adj>	NNP , NNP IN NNP NNP	NNP , NNP IN NNP <adj>	0.5387840670859538	0.007518796992481203	0.01818181818181818	3.2197823427136327E-4	3.2197823427136327E-4	3.2197823427136327E-4	ain	0.25	0	1	5	0.5387840670859538
	baroque	http://dbpedia.org/ontology/architecturalStyle	baroque	66	<adj>	NNP	<adj>	0.5387840670859538	0.007518796992481203	0.01818181818181818	0.01210638160860326	0.004250112692381995	0.01210638160860326	que	1.0	1	1	1	0.5387840670859538
	georgian	http://dbpedia.org/ontology/architecturalStyle	georgian architecture	499	<adj> architecture	JJ NN	<adj> NNP	0.5387840670859538	0.007518796992481203	0.01818181818181818	0.03219782342713633	0.03213342778028205	0.03219782342713633	ian	0.38095238095238093	1	0	1	0.5387840670859538
	gothic	http://dbpedia.org/ontology/architecturalStyle	gothic revival architecture	1321	<adj> revival architecture	JJ NN NN	<adj> NN NN	0.5387840670859538	0.007518796992481203	0.01818181818181818	0.1391589928520832	0.08506664949449418	0.08886599265889626	hic	0.2222222222222222	1	0	1	0.5387840670859538
	middle	http://dbpedia.org/ontology/architecturalStyle	middle ages	2	<adj> ages	NNP NNPS	<adj> NNPS	0.5387840670859538	0.007518796992481203	0.01818181818181818	1.9318694056281795E-4	1.287912937085453E-4	1.9318694056281795E-4	dle	0.5454545454545454	1	0	1	0.5387840670859538
	romanesque	http://dbpedia.org/ontology/architecturalStyle	romanesque architecture	172	<adj> architecture	JJ NN	<adj> NNP	0.5387840670859538	0.007518796992481203	0.01818181818181818	0.03702749694120677	0.011076051258934896	0.011076051258934896	que	0.4347826086956522	1	0	1	0.5387840670859538
	united	http://dbpedia.org/ontology/architecturalStyle	queen anne style architecture in the united states	186	queen anne style architecture in the <adj> states	NNP NNP NN NN IN DT NNP NNPS	NNP NNP NN NN IN DT <adj> NNPS	0.5387840670859538	0.007518796992481203	0.01818181818181818	0.012428359842874622	0.011977590314894713	0.011977590314894713	ted	0.12	0	0	7	0.5387840670859538
	gothic	http://dbpedia.org/ontology/architecturalStyle	international gothic	3	international <adj>	NNP JJ	NNP <adj>	0.5387840670859538	0.007518796992481203	0.01818181818181818	0.1391589928520832	1.9318694056281795E-4	1.9318694056281795E-4	hic	0.30000000000000004	0	1	2	0.5387840670859538
	renaissance	http://dbpedia.org/ontology/architecturalStyle	renaissance	15	<adj>	NNP	<adj>	0.5387840670859538	0.007518796992481203	0.01818181818181818	0.022602872045849702	9.659347028140898E-4	0.022602872045849702	nce	1.0	1	1	1	0.5387840670859538
	renaissance	http://dbpedia.org/ontology/architecturalStyle	spanish renaissance	1	spanish <adj>	NNP NNP	NNP <adj>	0.5387840670859538	0.007518796992481203	0.01818181818181818	0.022602872045849702	6.439564685427266E-5	2.575825874170906E-4	nce	0.5789473684210527	0	1	2	0.5387840670859538
	grand	http://dbpedia.org/ontology/architecturalStyle	grand trianon	1	<adj> trianon	NNP NNP	<adj> NNP	0.5387840670859538	0.007518796992481203	0.01818181818181818	6.439564685427266E-5	6.439564685427266E-5	6.439564685427266E-5	and	0.3846153846153846	1	0	1	0.5387840670859538
	baronial	http://dbpedia.org/ontology/architecturalStyle	scottish baronial architecture	7	scottish <adj> architecture	JJ JJ NN	JJ <adj> NN	0.5387840670859538	0.007518796992481203	0.01818181818181818	4.5076952797990855E-4	4.5076952797990855E-4	4.5076952797990855E-4	ial	0.2666666666666667	0	0	2	0.5387840670859538
	byzantine	http://dbpedia.org/ontology/architecturalStyle	byzantine revival architecture	11	<adj> revival architecture	JJ NN NN	<adj> NN NN	0.5387840670859538	0.007518796992481203	0.01818181818181818	0.0024470345804623607	7.083521153969991E-4	7.083521153969991E-4	ine	0.30000000000000004	1	0	1	0.5387840670859538
	islamic	http://dbpedia.org/ontology/architecturalStyle	islamic architecture	9	<adj> architecture	JJ NN	<adj> NNP	0.5387840670859538	0.007518796992481203	0.01818181818181818	6.439564685427265E-4	5.795608216884538E-4	5.795608216884538E-4	mic	0.35	1	0	1	0.5387840670859538
	stick	http://dbpedia.org/ontology/architecturalStyle	stick style	50	<adj> style	NNP NN	<adj> NN	0.5387840670859538	0.007518796992481203	0.01818181818181818	0.0032197823427136327	0.0032197823427136327	0.0032197823427136327	ick	0.4545454545454546	1	0	1	0.5387840670859538
	russian	http://dbpedia.org/ontology/architecturalStyle	russian architecture	16	<adj> architecture	NNP NNP	<adj> NNP	0.5387840670859538	0.007518796992481203	0.01818181818181818	0.0012235172902311804	0.0010303303496683625	0.0010303303496683625	ian	0.35	1	0	1	0.5387840670859538
	manueline	http://dbpedia.org/ontology/architecturalStyle	manueline	3	<adj>	NN	<adj>	0.5387840670859538	0.007518796992481203	0.01818181818181818	1.9318694056281795E-4	1.9318694056281795E-4	1.9318694056281795E-4	ine	1.0	1	1	1	0.5387840670859538
	norman	http://dbpedia.org/ontology/architecturalStyle	norman architecture	234	<adj> architecture	NNP NNP	<adj> NNP	0.5387840670859538	0.007518796992481203	0.01818181818181818	0.0150685813638998	0.0150685813638998	0.0150685813638998	man	0.3157894736842105	1	0	1	0.5387840670859538
	russian	http://dbpedia.org/ontology/architecturalStyle	russian revival architecture	1	<adj> revival architecture	JJ NN NN	<adj> NN NN	0.5387840670859538	0.007518796992481203	0.01818181818181818	0.0012235172902311804	6.439564685427266E-5	6.439564685427266E-5	ian	0.25	1	0	1	0.5387840670859538
	baroque	http://dbpedia.org/ontology/architecturalStyle	french baroque architecture	5	french <adj> architecture	JJ JJ NN	JJ <adj> NN	0.5387840670859538	0.007518796992481203	0.01818181818181818	0.01210638160860326	3.2197823427136327E-4	3.2197823427136327E-4	que	0.2592592592592593	0	0	2	0.5387840670859538
	brick	http://dbpedia.org/ontology/architecturalStyle	brick expressionism	1	<adj> expressionism	NN NN	<adj> NN	0.5387840670859538	0.007518796992481203	0.01818181818181818	1.287912937085453E-4	6.439564685427266E-5	6.439564685427266E-5	ick	0.26315789473684215	1	0	1	0.5387840670859538
	renaissance	http://dbpedia.org/ontology/architecturalStyle	french renaissance architecture	12	french <adj> architecture	JJ NN NN	JJ <adj> NN	0.5387840670859538	0.007518796992481203	0.01818181818181818	0.022602872045849702	7.727477622512718E-4	7.727477622512718E-4	nce	0.3548387096774194	0	0	2	0.5387840670859538
	moderne	http://dbpedia.org/ontology/architecturalStyle	moderne architecture	58	<adj> architecture	NN NN	<adj> NNP	0.5387840670859538	0.007518796992481203	0.01818181818181818	0.008307038444201172	0.003734947517547814	0.003734947517547814	rne	0.35	1	0	1	0.5387840670859538
	classical	http://dbpedia.org/ontology/architecturalStyle	classical architecture	20	<adj> architecture	JJ NN	<adj> NNP	0.5387840670859538	0.007518796992481203	0.01818181818181818	0.0013523085839397258	0.001287912937085453	0.03928134458110632	cal	0.40909090909090906	1	0	1	0.5387840670859538
	palladian	http://dbpedia.org/ontology/architecturalStyle	palladian architecture	23	<adj> architecture	JJ NN	<adj> NNP	0.5387840670859538	0.007518796992481203	0.01818181818181818	0.001481099877648271	0.001481099877648271	0.001481099877648271	ian	0.40909090909090906	1	0	1	0.5387840670859538
	north	http://dbpedia.org/ontology/architecturalStyle	collegiate gothic in north america	14	collegiate gothic in <adj> america	NNP JJ IN NNP NNP	NNP JJ IN <adj> NNP	0.5387840670859538	0.007518796992481203	0.01818181818181818	9.015390559598171E-4	9.015390559598171E-4	9.015390559598171E-4	rth	0.1470588235294118	0	0	4	0.5387840670859538
	contemporary	http://dbpedia.org/ontology/architecturalStyle	italian modern and contemporary architecture	1	italian modern and <adj> architecture	JJ JJ CC JJ NN	JJ JJ CC <adj> NN	0.5387840670859538	0.007518796992481203	0.01818181818181818	3.863738811256359E-4	6.439564685427266E-5	6.439564685427266E-5	ary	0.2727272727272727	0	0	4	0.5387840670859538
	baroque	http://dbpedia.org/ontology/architecturalStyle	dutch baroque architecture	1	dutch <adj> architecture	JJ JJ NN	JJ <adj> NN	0.5387840670859538	0.007518796992481203	0.01818181818181818	0.01210638160860326	6.439564685427266E-5	6.439564685427266E-5	que	0.2692307692307693	0	0	2	0.5387840670859538
	renaissance	http://dbpedia.org/ontology/architecturalStyle	german renaissance	2	german <adj>	JJ NN	JJ <adj>	0.5387840670859538	0.007518796992481203	0.01818181818181818	0.022602872045849702	1.287912937085453E-4	1.287912937085453E-4	nce	0.6111111111111112	0	1	2	0.5387840670859538
	gothic	http://dbpedia.org/ontology/architecturalStyle	carpenter gothic	59	carpenter <adj>	NNP JJ	NNP <adj>	0.5387840670859538	0.007518796992481203	0.01818181818181818	0.1391589928520832	0.0037993431644020863	0.0037993431644020863	hic	0.375	0	1	2	0.5387840670859538
	rustic	http://dbpedia.org/ontology/architecturalStyle	national park service rustic	49	national park service <adj>	NNP NNP NNP NNP	NNP NNP NNP <adj>	0.5387840670859538	0.007518796992481203	0.01818181818181818	0.0043145083392362674	0.0031553866958593598	0.0031553866958593598	tic	0.2142857142857143	0	1	4	0.5387840670859538
	architectural	http://dbpedia.org/ontology/architecturalStyle	national register of historic places architectural style categories	266	national register of historic places <adj> style categories	NNP NNP IN JJ NNS JJ NN NNS	NNP NNP IN JJ NNS <adj> NN NNS	0.5387840670859538	0.007518796992481203	0.01818181818181818	0.01745122029750789	0.017129242063236527	0.017129242063236527	ral	0.19402985074626866	0	0	6	0.5387840670859538
	colonial	http://dbpedia.org/ontology/architecturalStyle	american colonial architecture	95	american <adj> architecture	NNP NNP NNP	NNP <adj> NNP	0.5387840670859538	0.007518796992481203	0.01818181818181818	0.07502092858522764	0.006117586451155902	0.006117586451155902	ial	0.2666666666666667	0	0	2	0.5387840670859538
	colonial	http://dbpedia.org/ontology/architecturalStyle	colonial revival architecture	838	<adj> revival architecture	NNP NN NN	<adj> NN NN	0.5387840670859538	0.007518796992481203	0.01818181818181818	0.07502092858522764	0.05396355206388048	0.06684268143473501	ial	0.27586206896551724	1	0	1	0.5387840670859538
	federal	http://dbpedia.org/ontology/architecturalStyle	federal architecture	838	<adj> architecture	JJ NN	<adj> NNP	0.5387840670859538	0.007518796992481203	0.01818181818181818	0.05396355206388048	0.05396355206388048	0.05396355206388048	ral	0.35	1	0	1	0.5387840670859538
	postmodern	http://dbpedia.org/ontology/architecturalStyle	postmodern architecture	38	<adj> architecture	JJ NN	<adj> NNP	0.5387840670859538	0.007518796992481203	0.01818181818181818	0.0024470345804623607	0.0024470345804623607	0.0024470345804623607	ern	0.4347826086956522	1	0	1	0.5387840670859538
	colonial	http://dbpedia.org/ontology/architecturalStyle	spanish colonial revival architecture	167	spanish <adj> revival architecture	NNP NNP NN NN	JJ <adj> NN NN	0.5387840670859538	0.007518796992481203	0.01818181818181818	0.07502092858522764	0.010754073024663533	0.010754073024663533	ial	0.21621621621621623	0	0	2	0.5387840670859538
	stone	http://dbpedia.org/ontology/architecturalStyle	stone ender	2	<adj> ender	NNP NNP	<adj> NNP	0.5387840670859538	0.007518796992481203	0.01818181818181818	1.9318694056281795E-4	1.287912937085453E-4	1.287912937085453E-4	one	0.4545454545454546	1	0	1	0.5387840670859538
	gothic	http://dbpedia.org/ontology/architecturalStyle	gothic architecture	175	<adj> architecture	JJ NN	<adj> NNP	0.5387840670859538	0.007518796992481203	0.01818181818181818	0.1391589928520832	0.011269238199497714	0.0459140962070964	hic	0.3157894736842105	1	0	1	0.5387840670859538
	brutalist	http://dbpedia.org/ontology/architecturalStyle	brutalist architecture	41	<adj> architecture	JJ NN	<adj> NNP	0.5387840670859538	0.007518796992481203	0.01818181818181818	0.0026402215210251786	0.0026402215210251786	0.0026402215210251786	ist	0.40909090909090906	1	0	1	0.5387840670859538
	renaissance	http://dbpedia.org/ontology/architecturalStyle	italian renaissance	16	italian <adj>	JJ NNP	JJ <adj>	0.5387840670859538	0.007518796992481203	0.01818181818181818	0.022602872045849702	0.0010303303496683625	0.0010303303496683625	nce	0.5789473684210527	0	1	2	0.5387840670859538
	tudor	http://dbpedia.org/ontology/architecturalStyle	tudor revival architecture	274	<adj> revival architecture	NNP NN NN	<adj> NN NN	0.5387840670859538	0.007518796992481203	0.01818181818181818	0.018545946294030523	0.017644407238070706	0.017644407238070706	dor	0.1923076923076923	1	0	1	0.5387840670859538
	baroque	http://dbpedia.org/ontology/architecturalStyle	italian baroque	2	italian <adj>	JJ JJ	JJ <adj>	0.5387840670859538	0.007518796992481203	0.01818181818181818	0.01210638160860326	1.287912937085453E-4	1.9318694056281795E-4	que	0.4666666666666667	0	1	2	0.5387840670859538
	neoclassical	http://dbpedia.org/ontology/architecturalStyle	neoclassical	1	<adj>	JJ	<adj>	0.5387840670859538	0.007518796992481203	0.01818181818181818	0.03805782729087514	6.439564685427266E-5	0.03805782729087514	cal	1.0	1	1	1	0.5387840670859538
	romanesque	http://dbpedia.org/ontology/architecturalStyle	romanesque revival architecture	291	<adj> revival architecture	JJ NN NN	<adj> NN NN	0.5387840670859538	0.007518796992481203	0.01818181818181818	0.03702749694120677	0.018739133234593343	0.018739133234593343	que	0.32258064516129037	1	0	1	0.5387840670859538
	egyptian	http://dbpedia.org/ontology/architecturalStyle	egyptian revival architecture	15	<adj> revival architecture	JJ NN NN	<adj> NN NN	0.5387840670859538	0.007518796992481203	0.01818181818181818	0.0010303303496683625	9.659347028140898E-4	9.659347028140898E-4	ian	0.27586206896551724	1	0	1	0.5387840670859538
	renaissance	http://dbpedia.org/ontology/architecturalStyle	renaissance architecture	70	<adj> architecture	NNP NNP	<adj> NNP	0.5387840670859538	0.007518796992481203	0.01818181818181818	0.022602872045849702	0.004507695279799086	0.005538025629467448	nce	0.45833333333333337	1	0	1	0.5387840670859538
	united	http://dbpedia.org/ontology/architecturalStyle	united kingdom	1	<adj> kingdom	NNP NNP	<adj> NNP	0.5387840670859538	0.007518796992481203	0.01818181818181818	0.012428359842874622	6.439564685427266E-5	6.439564685427266E-5	ted	0.4285714285714286	1	0	1	0.5387840670859538
	neomodern	http://dbpedia.org/ontology/architecturalStyle	neomodern	2	<adj>	NNP	<adj>	0.5387840670859538	0.007518796992481203	0.01818181818181818	1.287912937085453E-4	1.287912937085453E-4	1.287912937085453E-4	ern	1.0	1	1	1	0.5387840670859538
	modern	http://dbpedia.org/ontology/architecturalStyle	miami modern architecture	1	miami <adj> architecture	NNP NNP NNP	NNP <adj> NNP	0.5387840670859538	0.007518796992481203	0.01818181818181818	0.016356494300985253	6.439564685427266E-5	6.439564685427266E-5	ern	0.24	0	0	2	0.5387840670859538
	ottoman	http://dbpedia.org/ontology/architecturalStyle	ottoman architecture	14	<adj> architecture	NNP NNP	<adj> NNP	0.5387840670859538	0.007518796992481203	0.01818181818181818	9.015390559598171E-4	9.015390559598171E-4	9.015390559598171E-4	man	0.35	1	0	1	0.5387840670859538
	gothic	http://dbpedia.org/ontology/architecturalStyle	late gothic revival architecture	59	late <adj> revival architecture	JJ JJ NN NN	JJ <adj> NN NN	0.5387840670859538	0.007518796992481203	0.01818181818181818	0.1391589928520832	0.0037993431644020863	0.0037993431644020863	hic	0.1875	0	0	2	0.5387840670859538
	arch	http://dbpedia.org/ontology/architecturalStyle	arch bridge	8	<adj> bridge	NNP NNP	<adj> NNP	0.5387840670859538	0.007518796992481203	0.01818181818181818	5.795608216884538E-4	5.151651748341812E-4	6.439564685427265E-4	rch	0.36363636363636365	1	0	1	0.5387840670859538
	nouveau	http://dbpedia.org/ontology/architecturalStyle	art nouveau	39	art <adj>	NNP NNP	NNP <adj>	0.5387840670859538	0.007518796992481203	0.01818181818181818	0.0025114302273166332	0.0025114302273166332	0.0025114302273166332	eau	0.6363636363636364	0	1	2	0.5387840670859538
	rococo	http://dbpedia.org/ontology/architecturalStyle	rococo	16	<adj>	JJ	<adj>	0.5387840670859538	0.007518796992481203	0.01818181818181818	0.001094725996522635	0.0010303303496683625	0.001094725996522635	oco	1.0	1	1	1	0.5387840670859538
	byzantine	http://dbpedia.org/ontology/architecturalStyle	byzantine architecture	21	<adj> architecture	JJ NN	<adj> NNP	0.5387840670859538	0.007518796992481203	0.01818181818181818	0.0024470345804623607	0.0013523085839397258	0.0015454955245025436	ine	0.40909090909090906	1	0	1	0.5387840670859538
	renaissance	http://dbpedia.org/ontology/architecturalStyle	second renaissance revival architecture	5	second <adj> revival architecture	JJ NNP NN NN	JJ <adj> NN NN	0.5387840670859538	0.007518796992481203	0.01818181818181818	0.022602872045849702	3.2197823427136327E-4	3.2197823427136327E-4	nce	0.28205128205128205	0	0	2	0.5387840670859538
	vernacular	http://dbpedia.org/ontology/architecturalStyle	vernacular architecture	130	<adj> architecture	JJ NN	<adj> NNP	0.5387840670859538	0.007518796992481203	0.01818181818181818	0.008435829737909717	0.008371434091055445	0.008371434091055445	lar	0.4347826086956522	1	0	1	0.5387840670859538
	gothic	http://dbpedia.org/ontology/architecturalStyle	portuguese gothic architecture	2	portuguese <adj> architecture	JJ JJ NN	NN <adj> NN	0.5387840670859538	0.007518796992481203	0.01818181818181818	0.1391589928520832	1.287912937085453E-4	1.287912937085453E-4	hic	0.19999999999999996	0	0	2	0.5387840670859538
	covered	http://dbpedia.org/ontology/architecturalStyle	covered bridge	6	<adj> bridge	VBN NN	<adj> NNP	0.5387840670859538	0.007518796992481203	0.01818181818181818	3.863738811256359E-4	3.863738811256359E-4	3.863738811256359E-4	red	0.5	1	0	1	0.5387840670859538
	baroque	http://dbpedia.org/ontology/architecturalStyle	sicilian baroque	1	sicilian <adj>	NNP NNP	NNP <adj>	0.5387840670859538	0.007518796992481203	0.01818181818181818	0.01210638160860326	6.439564685427266E-5	6.439564685427266E-5	que	0.4375	0	1	2	0.5387840670859538
	sinhalese	http://dbpedia.org/ontology/architecturalStyle	sinhalese people	1	<adj> people	JJ NNS	<adj> NNS	0.5387840670859538	0.007518796992481203	0.01818181818181818	6.439564685427266E-5	6.439564685427266E-5	6.439564685427266E-5	ese	0.5625	1	0	1	0.5387840670859538
	gothic	http://dbpedia.org/ontology/architecturalStyle	high victorian gothic	4	high victorian <adj>	JJ JJ JJ	JJ JJ <adj>	0.5387840670859538	0.007518796992481203	0.01818181818181818	0.1391589928520832	2.575825874170906E-4	2.575825874170906E-4	hic	0.2857142857142857	0	1	3	0.5387840670859538
	colonial	http://dbpedia.org/ontology/architecturalStyle	spanish colonial architecture	19	spanish <adj> architecture	JJ NN NN	JJ <adj> NN	0.5387840670859538	0.007518796992481203	0.01818181818181818	0.07502092858522764	0.0012235172902311804	0.0012235172902311804	ial	0.27586206896551724	0	0	2	0.5387840670859538
	baroque	http://dbpedia.org/ontology/architecturalStyle	edwardian baroque architecture	9	edwardian <adj> architecture	JJ JJ NN	JJ <adj> NN	0.5387840670859538	0.007518796992481203	0.01818181818181818	0.01210638160860326	5.795608216884538E-4	5.795608216884538E-4	que	0.23333333333333328	0	0	2	0.5387840670859538
	baroque	http://dbpedia.org/ontology/architecturalStyle	baroque architecture	59	<adj> architecture	JJ NN	<adj> NNP	0.5387840670859538	0.007518796992481203	0.01818181818181818	0.01210638160860326	0.0037993431644020863	0.0056024212763217205	que	0.35	1	0	1	0.5387840670859538
	high-tech	http://dbpedia.org/ontology/architecturalStyle	high-tech architecture	11	<adj> architecture	JJ NN	<adj> NNP	0.5387840670859538	0.007518796992481203	0.01818181818181818	7.083521153969991E-4	7.083521153969991E-4	7.083521153969991E-4	ech	0.40909090909090906	1	0	1	0.5387840670859538
	lombard	http://dbpedia.org/ontology/architecturalStyle	lombard	1	<adj>	NNP	<adj>	0.5387840670859538	0.007518796992481203	0.01818181818181818	6.439564685427266E-5	6.439564685427266E-5	6.439564685427266E-5	ard	1.0	1	1	1	0.5387840670859538
	edwardian	http://dbpedia.org/ontology/architecturalStyle	edwardian architecture	12	<adj> architecture	JJ NN	<adj> NNP	0.5387840670859538	0.007518796992481203	0.01818181818181818	7.727477622512718E-4	7.727477622512718E-4	7.727477622512718E-4	ian	0.40909090909090906	1	0	1	0.5387840670859538
	american	http://dbpedia.org/ontology/architecturalStyle	american craftsman	161	<adj> craftsman	NNP NNP	<adj> NNP	0.5387840670859538	0.007518796992481203	0.01818181818181818	0.010367699143537896	0.010367699143537896	0.010367699143537896	can	0.4444444444444444	1	0	1	0.5387840670859538
	mayan	http://dbpedia.org/ontology/architecturalStyle	mayan revival architecture	5	<adj> revival architecture	JJ NN NN	<adj> NN NN	0.5387840670859538	0.007518796992481203	0.01818181818181818	3.2197823427136327E-4	3.2197823427136327E-4	3.2197823427136327E-4	yan	0.1923076923076923	1	0	1	0.5387840670859538
	moorish	http://dbpedia.org/ontology/architecturalStyle	moorish revival architecture	16	<adj> revival architecture	JJ NN NN	<adj> NN NN	0.5387840670859538	0.007518796992481203	0.01818181818181818	0.001094725996522635	0.0010303303496683625	0.0010303303496683625	ish	0.25	1	0	1	0.5387840670859538
	romantic	http://dbpedia.org/ontology/architecturalStyle	national romantic style	2	national <adj> style	NNP JJ NN	NNP <adj> NN	0.5387840670859538	0.007518796992481203	0.01818181818181818	1.287912937085453E-4	1.287912937085453E-4	1.287912937085453E-4	tic	0.34782608695652173	0	0	2	0.5387840670859538
	strawberry	http://dbpedia.org/ontology/architecturalStyle	strawberry hill house	1	<adj> hill house	NNP NNP NNP	<adj> NNP NNP	0.5387840670859538	0.007518796992481203	0.01818181818181818	6.439564685427266E-5	6.439564685427266E-5	6.439564685427266E-5	rry	0.47619047619047616	1	0	1	0.5387840670859538
	baroque	http://dbpedia.org/ontology/architecturalStyle	baroque revival architecture	21	<adj> revival architecture	JJ NN NN	<adj> NN NN	0.5387840670859538	0.007518796992481203	0.01818181818181818	0.01210638160860326	0.0013523085839397258	0.0013523085839397258	que	0.25	1	0	1	0.5387840670859538
	colonial	http://dbpedia.org/ontology/architecturalStyle	dutch colonial revival architecture	33	dutch <adj> revival architecture	NNP NNP NN NN	JJ <adj> NN NN	0.5387840670859538	0.007518796992481203	0.01818181818181818	0.07502092858522764	0.0021250563461909975	0.0021250563461909975	ial	0.22857142857142854	0	0	2	0.5387840670859538
	jacobean	http://dbpedia.org/ontology/architecturalStyle	jacobean architecture	18	<adj> architecture	JJ NN	<adj> NNP	0.5387840670859538	0.007518796992481203	0.01818181818181818	0.0011591216433769077	0.0011591216433769077	0.0011591216433769077	ean	0.38095238095238093	1	0	1	0.5387840670859538
	gothic	http://dbpedia.org/ontology/architecturalStyle	polish gothic architecture	1	polish <adj> architecture	JJ JJ NN	JJ <adj> NN	0.5387840670859538	0.007518796992481203	0.01818181818181818	0.1391589928520832	6.439564685427266E-5	6.439564685427266E-5	hic	0.23076923076923073	0	0	2	0.5387840670859538
	ancient	http://dbpedia.org/ontology/architecturalStyle	ancient hawaii	11	<adj> hawaii	JJ NNP	<adj> NNP	0.5387840670859538	0.007518796992481203	0.01818181818181818	9.015390559598171E-4	7.083521153969991E-4	7.083521153969991E-4	ent	0.5	1	0	1	0.5387840670859538
	beautiful	http://dbpedia.org/ontology/architecturalStyle	city beautiful movement	4	city <adj> movement	NNP JJ NN	NNP <adj> NN	0.5387840670859538	0.007518796992481203	0.01818181818181818	2.575825874170906E-4	2.575825874170906E-4	2.575825874170906E-4	ful	0.3913043478260869	0	0	2	0.5387840670859538
	chapel	http://dbpedia.org/ontology/architecturalStyle	chapel	24	<adj>	NN	<adj>	0.5387840670859538	0.007518796992481203	0.01818181818181818	0.0015454955245025436	0.0015454955245025436	0.0015454955245025436	pel	1.0	1	1	1	0.5387840670859538
	avant-garde	http://dbpedia.org/ontology/architecturalStyle	avant-garde	3	<adj>	JJ	<adj>	0.5387840670859538	0.007518796992481203	0.01818181818181818	1.9318694056281795E-4	1.9318694056281795E-4	1.9318694056281795E-4	rde	1.0	1	1	1	0.5387840670859538
	roman	http://dbpedia.org/ontology/architecturalStyle	ancient roman architecture	17	ancient <adj> architecture	JJ JJ NN	JJ <adj> NN	0.5387840670859538	0.007518796992481203	0.01818181818181818	0.0014167042307939982	0.001094725996522635	0.001094725996522635	man	0.1923076923076923	0	0	2	0.5387840670859538
	medieval	http://dbpedia.org/ontology/architecturalStyle	medieval architecture	34	<adj> architecture	JJ NN	<adj> NNP	0.5387840670859538	0.007518796992481203	0.01818181818181818	0.00218945199304527	0.00218945199304527	0.00218945199304527	val	0.38095238095238093	1	0	1	0.5387840670859538
	architectural	http://dbpedia.org/ontology/architecturalStyle	australian non-residential architectural styles	1	australian non-residential <adj> styles	JJ JJ JJ NNS	JJ JJ <adj> NNS	0.5387840670859538	0.007518796992481203	0.01818181818181818	0.01745122029750789	6.439564685427266E-5	6.439564685427266E-5	ral	0.276595744680851	0	0	3	0.5387840670859538
	renaissance	http://dbpedia.org/ontology/architecturalStyle	renaissance architecture in portugal	1	<adj> architecture in portugal	NNP NNP IN NNP	<adj> NN IN NNP	0.5387840670859538	0.007518796992481203	0.01818181818181818	0.022602872045849702	6.439564685427266E-5	6.439564685427266E-5	nce	0.3055555555555556	1	0	1	0.5387840670859538
	netherlands	http://dbpedia.org/ontology/architecturalStyle	architecture of the netherlands	3	architecture of the <adj>	NN IN DT NNP	NN IN DT <adj>	0.5387840670859538	0.007518796992481203	0.01818181818181818	1.9318694056281795E-4	1.9318694056281795E-4	1.9318694056281795E-4	nds	0.3548387096774194	0	1	4	0.5387840670859538
	cathedral	http://dbpedia.org/ontology/architecturalStyle	cathedral	9	<adj>	NN	<adj>	0.5387840670859538	0.007518796992481203	0.01818181818181818	0.0010303303496683625	5.795608216884538E-4	0.0010303303496683625	ral	1.0	1	1	1	0.5387840670859538
	foursquare	http://dbpedia.org/ontology/architecturalStyle	american foursquare	10	american <adj>	NNP NNP	NNP <adj>	0.5387840670859538	0.007518796992481203	0.01818181818181818	6.439564685427265E-4	6.439564685427265E-4	6.439564685427265E-4	are	0.5263157894736843	0	1	2	0.5387840670859538
	georgian	http://dbpedia.org/ontology/architecturalStyle	jamaican georgian architecture	1	jamaican <adj> architecture	JJ JJ NN	JJ <adj> NN	0.5387840670859538	0.007518796992481203	0.01818181818181818	0.03219782342713633	6.439564685427266E-5	6.439564685427266E-5	ian	0.2666666666666667	0	0	2	0.5387840670859538
	brown	http://dbpedia.org/ontology/architecturalStyle	brown truss	1	<adj> truss	NNP NNPS	<adj> NNPS	0.5387840670859538	0.007518796992481203	0.01818181818181818	6.439564685427266E-5	6.439564685427266E-5	6.439564685427266E-5	own	0.4545454545454546	1	0	1	0.5387840670859538
	low-rise	http://dbpedia.org/ontology/architecturalStyle	low-rise	4	<adj>	JJ	<adj>	0.5387840670859538	0.007518796992481203	0.01818181818181818	2.575825874170906E-4	2.575825874170906E-4	2.575825874170906E-4	ise	1.0	1	1	1	0.5387840670859538
	vernacular	http://dbpedia.org/ontology/architecturalStyle	scottish vernacular	1	scottish <adj>	JJ JJ	JJ <adj>	0.5387840670859538	0.007518796992481203	0.01818181818181818	0.008435829737909717	6.439564685427266E-5	6.439564685427266E-5	lar	0.5263157894736843	0	1	2	0.5387840670859538
	renaissance	http://dbpedia.org/ontology/architecturalStyle	french renaissance	6	french <adj>	JJ NN	JJ <adj>	0.5387840670859538	0.007518796992481203	0.01818181818181818	0.022602872045849702	3.863738811256359E-4	0.0011591216433769077	nce	0.6111111111111112	0	1	2	0.5387840670859538
	renaissance	http://dbpedia.org/ontology/architecturalStyle	spanish renaissance architecture	3	spanish <adj> architecture	NNP NNP NNP	JJ <adj> NN	0.5387840670859538	0.007518796992481203	0.01818181818181818	0.022602872045849702	1.9318694056281795E-4	1.9318694056281795E-4	nce	0.34375	0	0	2	0.5387840670859538
	rococo	http://dbpedia.org/ontology/architecturalStyle	rococo revival	1	<adj> revival	JJ NN	<adj> NN	0.5387840670859538	0.007518796992481203	0.01818181818181818	0.001094725996522635	6.439564685427266E-5	6.439564685427266E-5	oco	0.4285714285714286	1	0	1	0.5387840670859538
	architectural	http://dbpedia.org/ontology/architecturalStyle	hudson river bracketed architectural style	2	hudson river bracketed <adj> style	NNP NNP NNP JJ NN	NNP NNP NNP <adj> NN	0.5387840670859538	0.007518796992481203	0.01818181818181818	0.01745122029750789	1.287912937085453E-4	1.287912937085453E-4	ral	0.30952380952380953	0	0	4	0.5387840670859538
	scandinavian	http://dbpedia.org/ontology/architecturalStyle	scandinavian art	1	<adj> art	NNP NNP	<adj> NNP	0.5387840670859538	0.007518796992481203	0.01818181818181818	6.439564685427266E-5	6.439564685427266E-5	6.439564685427266E-5	ian	0.75	1	0	1	0.5387840670859538
	greek	http://dbpedia.org/ontology/architecturalStyle	ancient greek architecture	4	ancient <adj> architecture	JJ JJ NN	JJ <adj> NN	0.5387840670859538	0.007518796992481203	0.01818181818181818	0.10708996071865542	2.575825874170906E-4	2.575825874170906E-4	eek	0.1923076923076923	0	0	2	0.5387840670859538
	corinthian	http://dbpedia.org/ontology/architecturalStyle	corinthian order	3	<adj> order	JJ NN	<adj> NNP	0.5387840670859538	0.007518796992481203	0.01818181818181818	1.9318694056281795E-4	1.9318694056281795E-4	1.9318694056281795E-4	ian	0.625	1	0	1	0.5387840670859538
	iranian	http://dbpedia.org/ontology/architecturalStyle	iranian architecture	2	<adj> architecture	JJ NN	<adj> NNP	0.5387840670859538	0.007518796992481203	0.01818181818181818	1.287912937085453E-4	1.287912937085453E-4	1.287912937085453E-4	ian	0.35	1	0	1	0.5387840670859538
	gothic	http://dbpedia.org/ontology/architecturalStyle	venetian gothic architecture	5	venetian <adj> architecture	JJ JJ NN	JJ <adj> NN	0.5387840670859538	0.007518796992481203	0.01818181818181818	0.1391589928520832	3.2197823427136327E-4	3.2197823427136327E-4	hic	0.2142857142857143	0	0	2	0.5387840670859538
	national	http://dbpedia.org/ontology/architecturalStyle	the national grange of the order of patrons of husbandry	1	the <adj> grange of the order of patrons of husbandry	DT JJ NNP IN DT NN IN NNS IN NN	DT <adj> NNP IN DT NN IN NNS IN NN	0.5387840670859538	0.007518796992481203	0.01818181818181818	6.439564685427266E-5	6.439564685427266E-5	6.439564685427266E-5	nal	0.1428571428571429	0	0	2	0.5387840670859538
	victorian	http://dbpedia.org/ontology/architecturalStyle	victorian restoration	1	<adj> restoration	JJ NN	<adj> NNP	0.5387840670859538	0.007518796992481203	0.01818181818181818	0.0294288106124026	6.439564685427266E-5	6.439564685427266E-5	ian	0.4285714285714286	1	0	1	0.5387840670859538
	antebellum	http://dbpedia.org/ontology/architecturalStyle	antebellum architecture	5	<adj> architecture	JJ NN	<adj> NNP	0.5387840670859538	0.007518796992481203	0.01818181818181818	3.2197823427136327E-4	3.2197823427136327E-4	3.2197823427136327E-4	lum	0.4347826086956522	1	0	1	0.5387840670859538
	byzantine	http://dbpedia.org/ontology/architecturalStyle	byzantine art	3	<adj> art	JJ NN	<adj> NNP	0.5387840670859538	0.007518796992481203	0.01818181818181818	0.0024470345804623607	1.9318694056281795E-4	1.9318694056281795E-4	ine	0.6923076923076923	1	0	1	0.5387840670859538
	expressionist	http://dbpedia.org/ontology/architecturalStyle	expressionist architecture	2	<adj> architecture	NN NN	<adj> NNP	0.5387840670859538	0.007518796992481203	0.01818181818181818	1.287912937085453E-4	1.287912937085453E-4	1.287912937085453E-4	ist	0.5	1	0	1	0.5387840670859538
	state	http://dbpedia.org/ontology/architecturalStyle	state park	1	<adj> park	NNP NNP	<adj> NNP	0.5387840670859538	0.007518796992481203	0.01818181818181818	1.287912937085453E-4	6.439564685427266E-5	6.439564685427266E-5	ate	0.5	1	0	1	0.5387840670859538
	iii	http://dbpedia.org/ontology/architecturalStyle	napoleon iii style	2	napoleon <adj> style	NNP NNP NN	NNP <adj> NN	0.5387840670859538	0.007518796992481203	0.01818181818181818	1.287912937085453E-4	1.287912937085453E-4	1.287912937085453E-4	iii	0.16666666666666663	0	0	2	0.5387840670859538
	anglo-saxon	http://dbpedia.org/ontology/architecturalStyle	anglo-saxon architecture	31	<adj> architecture	JJ NN	<adj> NNP	0.5387840670859538	0.007518796992481203	0.01818181818181818	0.001996265052482452	0.001996265052482452	0.001996265052482452	xon	0.45833333333333337	1	0	1	0.5387840670859538
	loft	http://dbpedia.org/ontology/architecturalStyle	loft	1	<adj>	NN	<adj>	0.5387840670859538	0.007518796992481203	0.01818181818181818	6.439564685427266E-5	6.439564685427266E-5	6.439564685427266E-5	oft	1.0	1	1	1	0.5387840670859538
	gothic	http://dbpedia.org/ontology/architecturalStyle	french gothic architecture	9	french <adj> architecture	JJ JJ NN	JJ <adj> NN	0.5387840670859538	0.007518796992481203	0.01818181818181818	0.1391589928520832	5.795608216884538E-4	5.795608216884538E-4	hic	0.23076923076923073	0	0	2	0.5387840670859538
	baroque	http://dbpedia.org/ontology/architecturalStyle	ukrainian baroque	1	ukrainian <adj>	JJ JJ	JJ <adj>	0.5387840670859538	0.007518796992481203	0.01818181818181818	0.01210638160860326	6.439564685427266E-5	6.439564685427266E-5	que	0.4117647058823529	0	1	2	0.5387840670859538
	organic	http://dbpedia.org/ontology/architecturalStyle	organic architecture	2	<adj> architecture	JJ NN	<adj> NNP	0.5387840670859538	0.007518796992481203	0.01818181818181818	1.287912937085453E-4	1.287912937085453E-4	1.287912937085453E-4	nic	0.35	1	0	1	0.5387840670859538
	country	http://dbpedia.org/ontology/architecturalStyle	english country house	1	english <adj> house	NNP NNP NNP	NNP <adj> NNP	0.5387840670859538	0.007518796992481203	0.01818181818181818	6.439564685427266E-5	6.439564685427266E-5	6.439564685427266E-5	try	0.33333333333333337	0	0	2	0.5387840670859538
	futurist	http://dbpedia.org/ontology/architecturalStyle	futurist architecture	7	<adj> architecture	NN NN	<adj> NNP	0.5387840670859538	0.007518796992481203	0.01818181818181818	4.5076952797990855E-4	4.5076952797990855E-4	4.5076952797990855E-4	ist	0.38095238095238093	1	0	1	0.5387840670859538
	baroque	http://dbpedia.org/ontology/architecturalStyle	english baroque	6	english <adj>	NNP NNP	NNP <adj>	0.5387840670859538	0.007518796992481203	0.01818181818181818	0.01210638160860326	3.863738811256359E-4	3.863738811256359E-4	que	0.4666666666666667	0	1	2	0.5387840670859538
	baroque	http://dbpedia.org/ontology/architecturalStyle	spanish baroque architecture	3	spanish <adj> architecture	JJ JJ NN	JJ <adj> NN	0.5387840670859538	0.007518796992481203	0.01818181818181818	0.01210638160860326	1.9318694056281795E-4	1.9318694056281795E-4	que	0.25	0	0	2	0.5387840670859538
	xiii	http://dbpedia.org/ontology/architecturalStyle	louis xiii style	2	louis <adj> style	NNP NNP NN	NNP <adj> NN	0.5387840670859538	0.007518796992481203	0.01818181818181818	1.287912937085453E-4	1.287912937085453E-4	1.287912937085453E-4	iii	0.25	0	0	2	0.5387840670859538
	international	http://dbpedia.org/ontology/architecturalStyle	international style	1	<adj> style	JJ NN	<adj> NN	0.5387840670859538	0.007518796992481203	0.01818181818181818	1.287912937085453E-4	6.439564685427266E-5	6.439564685427266E-5	nal	0.6842105263157895	1	0	1	0.5387840670859538
	bohemian	http://dbpedia.org/ontology/architecturalStyle	bohemian	1	<adj>	NNP	<adj>	0.5387840670859538	0.007518796992481203	0.01818181818181818	6.439564685427266E-5	6.439564685427266E-5	6.439564685427266E-5	ian	1.0	1	1	1	0.5387840670859538
	united	http://dbpedia.org/ontology/architecturalStyle	colonial history of the united states	5	colonial history of the <adj> states	JJ NN IN DT NNP NNPS	JJ NN IN DT <adj> NNPS	0.5387840670859538	0.007518796992481203	0.01818181818181818	0.012428359842874622	3.2197823427136327E-4	3.2197823427136327E-4	ted	0.16216216216216217	0	0	5	0.5387840670859538
	creole	http://dbpedia.org/ontology/architecturalStyle	louisiana creole people	1	louisiana <adj> people	NNP NNP NNPS	NNP <adj> NNPS	0.5387840670859538	0.007518796992481203	0.01818181818181818	9.015390559598171E-4	6.439564685427266E-5	6.439564685427266E-5	ole	0.26086956521739135	0	0	2	0.5387840670859538
	federation	http://dbpedia.org/ontology/architecturalStyle	federation architecture	7	<adj> architecture	NNP NNP	<adj> NNP	0.5387840670859538	0.007518796992481203	0.01818181818181818	4.5076952797990855E-4	4.5076952797990855E-4	4.5076952797990855E-4	ion	0.4347826086956522	1	0	1	0.5387840670859538
	colonial	http://dbpedia.org/ontology/architecturalStyle	french colonial	6	french <adj>	JJ NN	JJ <adj>	0.5387840670859538	0.007518796992481203	0.01818181818181818	0.07502092858522764	3.863738811256359E-4	3.863738811256359E-4	ial	0.5333333333333333	0	1	2	0.5387840670859538
	shotgun	http://dbpedia.org/ontology/architecturalStyle	shotgun house	4	<adj> house	NNP NNP	<adj> NNP	0.5387840670859538	0.007518796992481203	0.01818181818181818	2.575825874170906E-4	2.575825874170906E-4	2.575825874170906E-4	gun	0.5384615384615384	1	0	1	0.5387840670859538
	chinese	http://dbpedia.org/ontology/architecturalStyle	chinese architecture	2	<adj> architecture	JJ NN	<adj> NNP	0.5387840670859538	0.007518796992481203	0.01818181818181818	1.287912937085453E-4	1.287912937085453E-4	1.287912937085453E-4	ese	0.35	1	0	1	0.5387840670859538
	french	http://dbpedia.org/ontology/architecturalStyle	french architecture	3	<adj> architecture	JJ NN	<adj> NNP	0.5387840670859538	0.007518796992481203	0.01818181818181818	8.371434091055445E-4	1.9318694056281795E-4	1.9318694056281795E-4	nch	0.3157894736842105	1	0	1	0.5387840670859538
	perpendicular	http://dbpedia.org/ontology/architecturalStyle	perpendicular	1	<adj>	JJ	<adj>	0.5387840670859538	0.007518796992481203	0.01818181818181818	6.439564685427266E-5	6.439564685427266E-5	6.439564685427266E-5	lar	1.0	1	1	1	0.5387840670859538
	byzantine	http://dbpedia.org/ontology/architecturalStyle	byzantine empire	3	<adj> empire	JJ NN	<adj> NNP	0.5387840670859538	0.007518796992481203	0.01818181818181818	0.0024470345804623607	1.9318694056281795E-4	1.9318694056281795E-4	ine	0.5625	1	0	1	0.5387840670859538
	indigenous	http://dbpedia.org/ontology/architecturalStyle	indigenous peoples of the americas	1	<adj> peoples of the americas	JJ NNS IN DT NNPS	<adj> NNP IN DT NNPS	0.5387840670859538	0.007518796992481203	0.01818181818181818	6.439564685427266E-5	6.439564685427266E-5	6.439564685427266E-5	ous	0.2941176470588235	1	0	1	0.5387840670859538
	rammed	http://dbpedia.org/ontology/architecturalStyle	rammed earth	1	<adj> earth	VBN NN	<adj> NNP	0.5387840670859538	0.007518796992481203	0.01818181818181818	6.439564685427266E-5	6.439564685427266E-5	6.439564685427266E-5	med	0.5	1	0	1	0.5387840670859538
	tin	http://dbpedia.org/ontology/architecturalStyle	tin tabernacle	1	<adj> tabernacle	NN NN	<adj> NNP	0.5387840670859538	0.007518796992481203	0.01818181818181818	6.439564685427266E-5	6.439564685427266E-5	6.439564685427266E-5	tin	0.2142857142857143	1	0	1	0.5387840670859538
	ancient	http://dbpedia.org/ontology/architecturalStyle	ancient rome	2	<adj> rome	JJ NNP	<adj> NNP	0.5387840670859538	0.007518796992481203	0.01818181818181818	9.015390559598171E-4	1.287912937085453E-4	1.287912937085453E-4	ent	0.5833333333333333	1	0	1	0.5387840670859538
	caribbean	http://dbpedia.org/ontology/architecturalStyle	caribbean	1	<adj>	NNP	<adj>	0.5387840670859538	0.007518796992481203	0.01818181818181818	6.439564685427266E-5	6.439564685427266E-5	6.439564685427266E-5	ean	1.0	1	1	1	0.5387840670859538
	javanese	http://dbpedia.org/ontology/architecturalStyle	javanese people	1	<adj> people	JJ NNS	<adj> NNS	0.5387840670859538	0.007518796992481203	0.01818181818181818	6.439564685427266E-5	6.439564685427266E-5	6.439564685427266E-5	ese	0.5333333333333333	1	0	1	0.5387840670859538
	victorian	http://dbpedia.org/ontology/architecturalStyle	victorian era	3	<adj> era	JJ NN	<adj> NNP	0.5387840670859538	0.007518796992481203	0.01818181818181818	0.0294288106124026	1.9318694056281795E-4	1.9318694056281795E-4	ian	0.6923076923076923	1	0	1	0.5387840670859538
	creole	http://dbpedia.org/ontology/architecturalStyle	creole cottage	11	<adj> cottage	NNP NN	<adj> NN	0.5387840670859538	0.007518796992481203	0.01818181818181818	9.015390559598171E-4	7.083521153969991E-4	7.083521153969991E-4	ole	0.4285714285714286	1	0	1	0.5387840670859538
	upright	http://dbpedia.org/ontology/architecturalStyle	upright and wing	2	<adj> and wing	JJ CC NN	<adj> CC NN	0.5387840670859538	0.007518796992481203	0.01818181818181818	1.287912937085453E-4	1.287912937085453E-4	1.287912937085453E-4	ght	0.4375	1	0	1	0.5387840670859538
	wedding-cake	http://dbpedia.org/ontology/architecturalStyle	wedding-cake style	1	<adj> style	JJ NN	<adj> NN	0.5387840670859538	0.007518796992481203	0.01818181818181818	6.439564685427266E-5	6.439564685427266E-5	6.439564685427266E-5	ake	0.6666666666666667	1	0	1	0.5387840670859538
	garden	http://dbpedia.org/ontology/architecturalStyle	japanese garden	1	japanese <adj>	JJ NN	JJ <adj>	0.5387840670859538	0.007518796992481203	0.01818181818181818	6.439564685427266E-5	6.439564685427266E-5	6.439564685427266E-5	den	0.4	0	1	2	0.5387840670859538
	seljuk	http://dbpedia.org/ontology/architecturalStyle	seljuk architecture	3	<adj> architecture	NNP NNP	<adj> NNP	0.5387840670859538	0.007518796992481203	0.01818181818181818	1.9318694056281795E-4	1.9318694056281795E-4	1.9318694056281795E-4	juk	0.3157894736842105	1	0	1	0.5387840670859538
	swiss	http://dbpedia.org/ontology/architecturalStyle	swiss chalet style	5	<adj> chalet style	JJ NN NN	<adj> NNP NN	0.5387840670859538	0.007518796992481203	0.01818181818181818	3.2197823427136327E-4	3.2197823427136327E-4	3.2197823427136327E-4	iss	0.2777777777777778	1	0	1	0.5387840670859538
	jacobethan	http://dbpedia.org/ontology/architecturalStyle	jacobethan	11	<adj>	NNP	<adj>	0.5387840670859538	0.007518796992481203	0.01818181818181818	7.083521153969991E-4	7.083521153969991E-4	7.083521153969991E-4	han	1.0	1	1	1	0.5387840670859538
	elizabethan	http://dbpedia.org/ontology/architecturalStyle	elizabethan era	2	<adj> era	NNP NNP	<adj> NNP	0.5387840670859538	0.007518796992481203	0.01818181818181818	3.2197823427136327E-4	1.287912937085453E-4	1.287912937085453E-4	han	0.7333333333333334	1	0	1	0.5387840670859538
	baroque	http://dbpedia.org/ontology/architecturalStyle	baroque architecture in portugal	9	<adj> architecture in portugal	JJ NN IN NNP	<adj> NN IN NNP	0.5387840670859538	0.007518796992481203	0.01818181818181818	0.01210638160860326	5.795608216884538E-4	5.795608216884538E-4	que	0.21875	1	0	1	0.5387840670859538
	middle	http://dbpedia.org/ontology/architecturalStyle	architecture of scotland in the middle ages	1	architecture of scotland in the <adj> ages	NN IN NNP IN DT JJ NNS	NN IN NNP IN DT <adj> NNPS	0.5387840670859538	0.007518796992481203	0.01818181818181818	1.9318694056281795E-4	6.439564685427266E-5	6.439564685427266E-5	dle	0.13953488372093026	0	0	6	0.5387840670859538
	neoclassical	http://dbpedia.org/ontology/architecturalStyle	neoclassical architecture in belgium	1	<adj> architecture in belgium	JJ NN IN NNP	<adj> NN IN NNP	0.5387840670859538	0.007518796992481203	0.01818181818181818	0.03805782729087514	6.439564685427266E-5	6.439564685427266E-5	cal	0.33333333333333337	1	0	1	0.5387840670859538
	baroque	http://dbpedia.org/ontology/architecturalStyle	italian baroque architecture	1	italian <adj> architecture	JJ JJ NN	JJ <adj> NN	0.5387840670859538	0.007518796992481203	0.01818181818181818	0.01210638160860326	6.439564685427266E-5	6.439564685427266E-5	que	0.25	0	0	2	0.5387840670859538
	iron	http://dbpedia.org/ontology/architecturalStyle	cast iron	1	cast <adj>	VBN NN	VBN <adj>	0.5387840670859538	0.007518796992481203	0.01818181818181818	1.287912937085453E-4	6.439564685427266E-5	6.439564685427266E-5	ron	0.4444444444444444	0	1	2	0.5387840670859538
	chalcolithic	http://dbpedia.org/ontology/architecturalStyle	chalcolithic	3	<adj>	JJ	<adj>	0.5387840670859538	0.007518796992481203	0.01818181818181818	1.9318694056281795E-4	1.9318694056281795E-4	1.9318694056281795E-4	hic	1.0	1	1	1	0.5387840670859538
	rustic	http://dbpedia.org/ontology/architecturalStyle	rustic architecture	18	<adj> architecture	JJ NN	<adj> NNP	0.5387840670859538	0.007518796992481203	0.01818181818181818	0.0043145083392362674	0.0011591216433769077	0.0011591216433769077	tic	0.3157894736842105	1	0	1	0.5387840670859538
	cathedral	http://dbpedia.org/ontology/architecturalStyle	polish cathedral style	7	polish <adj> style	JJ NN NN	JJ <adj> NN	0.5387840670859538	0.007518796992481203	0.01818181818181818	0.0010303303496683625	4.5076952797990855E-4	4.5076952797990855E-4	ral	0.40909090909090906	0	0	2	0.5387840670859538
	roman	http://dbpedia.org/ontology/architecturalStyle	roman villa	5	<adj> villa	NNP NNP	<adj> NNP	0.5387840670859538	0.007518796992481203	0.01818181818181818	0.0014167042307939982	3.2197823427136327E-4	3.2197823427136327E-4	man	0.4545454545454546	1	0	1	0.5387840670859538
	lao	http://dbpedia.org/ontology/architecturalStyle	lao people	2	<adj> people	JJ NNS	<adj> NNS	0.5387840670859538	0.007518796992481203	0.01818181818181818	1.287912937085453E-4	1.287912937085453E-4	1.287912937085453E-4	lao	0.30000000000000004	1	0	1	0.5387840670859538
	egyptian	http://dbpedia.org/ontology/architecturalStyle	ancient egyptian architecture	1	ancient <adj> architecture	JJ JJ NN	JJ <adj> NN	0.5387840670859538	0.007518796992481203	0.01818181818181818	0.0010303303496683625	6.439564685427266E-5	6.439564685427266E-5	ian	0.27586206896551724	0	0	2	0.5387840670859538
	japanese	http://dbpedia.org/ontology/architecturalStyle	japanese architecture	2	<adj> architecture	JJ NN	<adj> NNP	0.5387840670859538	0.007518796992481203	0.01818181818181818	1.287912937085453E-4	1.287912937085453E-4	1.287912937085453E-4	ese	0.38095238095238093	1	0	1	0.5387840670859538
	fantastic	http://dbpedia.org/ontology/architecturalStyle	fantastic architecture	2	<adj> architecture	JJ NN	<adj> NNP	0.5387840670859538	0.007518796992481203	0.01818181818181818	1.287912937085453E-4	1.287912937085453E-4	1.287912937085453E-4	tic	0.40909090909090906	1	0	1	0.5387840670859538
	tender	http://dbpedia.org/ontology/architecturalStyle	lighthouse tender	1	lighthouse <adj>	NNP NN	NNP <adj>	0.5387840670859538	0.007518796992481203	0.01818181818181818	6.439564685427266E-5	6.439564685427266E-5	6.439564685427266E-5	der	0.3529411764705882	0	1	2	0.5387840670859538
	military	http://dbpedia.org/ontology/architecturalStyle	gettysburg national military park	1	gettysburg national <adj> park	NNP NNP NNP NNP	NNP NNP <adj> NNP	0.5387840670859538	0.007518796992481203	0.01818181818181818	6.439564685427266E-5	6.439564685427266E-5	6.439564685427266E-5	ary	0.24242424242424243	0	0	3	0.5387840670859538
	coptic	http://dbpedia.org/ontology/architecturalStyle	coptic architecture	1	<adj> architecture	JJ NN	<adj> NNP	0.5387840670859538	0.007518796992481203	0.01818181818181818	6.439564685427266E-5	6.439564685427266E-5	6.439564685427266E-5	tic	0.3157894736842105	1	0	1	0.5387840670859538
	academic	http://dbpedia.org/ontology/architecturalStyle	academic art	1	<adj> art	JJ NN	<adj> NNP	0.5387840670859538	0.007518796992481203	0.01818181818181818	6.439564685427266E-5	6.439564685427266E-5	6.439564685427266E-5	mic	0.6666666666666667	1	0	1	0.5387840670859538
	local	http://dbpedia.org/ontology/architecturalStyle	local church	4	<adj> church	JJ NN	<adj> NNP	0.5387840670859538	0.007518796992481203	0.01818181818181818	2.575825874170906E-4	2.575825874170906E-4	2.575825874170906E-4	cal	0.41666666666666663	1	0	1	0.5387840670859538
	66	http://dbpedia.org/ontology/architecturalStyle	mission 66	1	mission <adj>	NN CD	NN <adj>	0.5387840670859538	0.007518796992481203	0.01818181818181818	6.439564685427266E-5	6.439564685427266E-5	6.439564685427266E-5	66	0.19999999999999996	0	1	2	0.5387840670859538
	thoroughbred	http://dbpedia.org/ontology/architecturalStyle	thoroughbred	1	<adj>	NNP	<adj>	0.5387840670859538	0.007518796992481203	0.01818181818181818	6.439564685427266E-5	6.439564685427266E-5	6.439564685427266E-5	red	1.0	1	1	1	0.5387840670859538
	modern	http://dbpedia.org/ontology/architecturalStyle	mid-century modern	2	mid-century <adj>	JJ JJ	JJ <adj>	0.5387840670859538	0.007518796992481203	0.01818181818181818	0.016356494300985253	1.287912937085453E-4	1.287912937085453E-4	ern	0.33333333333333337	0	1	2	0.5387840670859538
	baroque	http://dbpedia.org/ontology/architecturalStyle	petrine baroque	1	petrine <adj>	NNP NNP	JJ <adj>	0.5387840670859538	0.007518796992481203	0.01818181818181818	0.01210638160860326	6.439564685427266E-5	6.439564685427266E-5	que	0.4666666666666667	0	1	2	0.5387840670859538
	slate	http://dbpedia.org/ontology/architecturalStyle	slate	1	<adj>	NNP	<adj>	0.5387840670859538	0.007518796992481203	0.01818181818181818	6.439564685427266E-5	6.439564685427266E-5	6.439564685427266E-5	ate	1.0	1	1	1	0.5387840670859538
	contemporary	http://dbpedia.org/ontology/architecturalStyle	contemporary architecture	5	<adj> architecture	JJ NN	<adj> NNP	0.5387840670859538	0.007518796992481203	0.01818181818181818	3.863738811256359E-4	3.2197823427136327E-4	3.863738811256359E-4	ary	0.48	1	0	1	0.5387840670859538
	greenhouse	http://dbpedia.org/ontology/architecturalStyle	greenhouse	2	<adj>	NN	<adj>	0.5387840670859538	0.007518796992481203	0.01818181818181818	1.287912937085453E-4	1.287912937085453E-4	1.287912937085453E-4	use	1.0	1	1	1	0.5387840670859538
	double	http://dbpedia.org/ontology/architecturalStyle	single pen and double pen architecture	4	single pen and <adj> pen architecture	JJ NN CC JJ NN NN	JJ NN CC <adj> NN NN	0.5387840670859538	0.007518796992481203	0.01818181818181818	2.575825874170906E-4	2.575825874170906E-4	2.575825874170906E-4	ble	0.1578947368421053	0	0	4	0.5387840670859538
	creole	http://dbpedia.org/ontology/architecturalStyle	ponce creole	2	ponce <adj>	NNP NNP	NNP <adj>	0.5387840670859538	0.007518796992481203	0.01818181818181818	9.015390559598171E-4	1.287912937085453E-4	1.287912937085453E-4	ole	0.5	0	1	2	0.5387840670859538
	ultimate	http://dbpedia.org/ontology/architecturalStyle	ultimate bungalow	1	<adj> bungalow	JJ NN	<adj> NNP	0.5387840670859538	0.007518796992481203	0.01818181818181818	6.439564685427266E-5	6.439564685427266E-5	6.439564685427266E-5	ate	0.47058823529411764	1	0	1	0.5387840670859538
	moorish	http://dbpedia.org/ontology/architecturalStyle	moorish architecture	1	<adj> architecture	JJ NN	<adj> NNP	0.5387840670859538	0.007518796992481203	0.01818181818181818	0.001094725996522635	6.439564685427266E-5	6.439564685427266E-5	ish	0.35	1	0	1	0.5387840670859538
	territorial	http://dbpedia.org/ontology/architecturalStyle	territorial revival architecture	2	<adj> revival architecture	JJ NN NN	<adj> NN NN	0.5387840670859538	0.007518796992481203	0.01818181818181818	1.287912937085453E-4	1.287912937085453E-4	1.287912937085453E-4	ial	0.34375	1	0	1	0.5387840670859538
	xvi	http://dbpedia.org/ontology/architecturalStyle	louis xvi of france	1	louis <adj> of france	NNP NNP IN NNP	NNP <adj> IN NNP	0.5387840670859538	0.007518796992481203	0.01818181818181818	6.439564685427266E-5	6.439564685427266E-5	6.439564685427266E-5	xvi	0.1578947368421053	0	0	2	0.5387840670859538
	mansard	http://dbpedia.org/ontology/architecturalStyle	mansard roof	2	<adj> roof	NNP NNP	<adj> NNP	0.5387840670859538	0.007518796992481203	0.01818181818181818	1.287912937085453E-4	1.287912937085453E-4	1.287912937085453E-4	ard	0.5833333333333333	1	0	1	0.5387840670859538
	stone	http://dbpedia.org/ontology/architecturalStyle	stone house	1	<adj> house	NNP NNP	<adj> NNP	0.5387840670859538	0.007518796992481203	0.01818181818181818	1.9318694056281795E-4	6.439564685427266E-5	6.439564685427266E-5	one	0.4545454545454546	1	0	1	0.5387840670859538
	classical	http://dbpedia.org/ontology/architecturalStyle	classical music	1	<adj> music	JJ NN	<adj> NN	0.5387840670859538	0.007518796992481203	0.01818181818181818	0.0013523085839397258	6.439564685427266E-5	6.439564685427266E-5	cal	0.6	1	0	1	0.5387840670859538
	sustainable	http://dbpedia.org/ontology/architecturalStyle	sustainable architecture	6	<adj> architecture	JJ NN	<adj> NNP	0.5387840670859538	0.007518796992481203	0.01818181818181818	4.5076952797990855E-4	3.863738811256359E-4	3.863738811256359E-4	ble	0.45833333333333337	1	0	1	0.5387840670859538
	architectural	http://dbpedia.org/ontology/architecturalStyle	architectural style	1	<adj> style	JJ NN	<adj> NN	0.5387840670859538	0.007518796992481203	0.01818181818181818	0.01745122029750789	6.439564685427266E-5	0.01745122029750789	ral	0.6842105263157895	1	0	1	0.5387840670859538
	doric	http://dbpedia.org/ontology/architecturalStyle	doric order	2	<adj> order	JJ NN	<adj> NNP	0.5387840670859538	0.007518796992481203	0.01818181818181818	1.287912937085453E-4	1.287912937085453E-4	1.287912937085453E-4	ric	0.4545454545454546	1	0	1	0.5387840670859538
	united	http://dbpedia.org/ontology/architecturalStyle	architecture of the united states	1	architecture of the <adj> states	NN IN DT NNP NNPS	NN IN DT <adj> NNPS	0.5387840670859538	0.007518796992481203	0.01818181818181818	0.012428359842874622	6.439564685427266E-5	6.439564685427266E-5	ted	0.18181818181818177	0	0	4	0.5387840670859538
	sustainable	http://dbpedia.org/ontology/architecturalStyle	sustainable design	1	<adj> design	JJ NN	<adj> NN	0.5387840670859538	0.007518796992481203	0.01818181818181818	4.5076952797990855E-4	6.439564685427266E-5	6.439564685427266E-5	ble	0.6111111111111112	1	0	1	0.5387840670859538
	dogtrot	http://dbpedia.org/ontology/architecturalStyle	dogtrot house	3	<adj> house	NNP NNP	<adj> NNP	0.5387840670859538	0.007518796992481203	0.01818181818181818	1.9318694056281795E-4	1.9318694056281795E-4	1.9318694056281795E-4	rot	0.5384615384615384	1	0	1	0.5387840670859538
	dutch	http://dbpedia.org/ontology/architecturalStyle	dutch colonization of the americas	5	<adj> colonization of the americas	NNP NN IN DT NNPS	<adj> NN IN DT NNPS	0.5387840670859538	0.007518796992481203	0.01818181818181818	3.863738811256359E-4	3.2197823427136327E-4	3.2197823427136327E-4	tch	0.1470588235294118	1	0	1	0.5387840670859538
	gothic	http://dbpedia.org/ontology/architecturalStyle	american gothic	1	american <adj>	NNP JJ	NNP <adj>	0.5387840670859538	0.007518796992481203	0.01818181818181818	0.1391589928520832	6.439564685427266E-5	6.439564685427266E-5	hic	0.4	0	1	2	0.5387840670859538
	neolithic	http://dbpedia.org/ontology/architecturalStyle	neolithic	4	<adj>	JJ	<adj>	0.5387840670859538	0.007518796992481203	0.01818181818181818	2.575825874170906E-4	2.575825874170906E-4	2.575825874170906E-4	hic	1.0	1	1	1	0.5387840670859538
	ionic	http://dbpedia.org/ontology/architecturalStyle	ionic order	2	<adj> order	NNP NNP	<adj> NNP	0.5387840670859538	0.007518796992481203	0.01818181818181818	1.287912937085453E-4	1.287912937085453E-4	1.287912937085453E-4	nic	0.4545454545454546	1	0	1	0.5387840670859538
	octagonal	http://dbpedia.org/ontology/architecturalStyle	list of octagonal buildings and structures	2	list of <adj> buildings and structures	NN IN JJ NNS CC NNS	NN IN <adj> NNS CC NNS	0.5387840670859538	0.007518796992481203	0.01818181818181818	1.287912937085453E-4	1.287912937085453E-4	1.287912937085453E-4	nal	0.2142857142857143	0	0	3	0.5387840670859538
	side	http://dbpedia.org/ontology/architecturalStyle	side passage plan architecture	2	<adj> passage plan architecture	JJ NN NN NN	<adj> NN NN NN	0.5387840670859538	0.007518796992481203	0.01818181818181818	1.287912937085453E-4	1.287912937085453E-4	1.287912937085453E-4	ide	0.1333333333333333	1	0	1	0.5387840670859538
	christian	http://dbpedia.org/ontology/architecturalStyle	early christian art and architecture	1	early <adj> art and architecture	JJ JJ NN CC NN	JJ <adj> NN CC NN	0.5387840670859538	0.007518796992481203	0.01818181818181818	6.439564685427266E-5	6.439564685427266E-5	6.439564685427266E-5	ian	0.25	0	0	2	0.5387840670859538
	english	http://dbpedia.org/ontology/architecturalStyle	english barn	1	<adj> barn	NNP NNP	<adj> NNP	0.5387840670859538	0.007518796992481203	0.01818181818181818	1.287912937085453E-4	6.439564685427266E-5	6.439564685427266E-5	ish	0.5833333333333333	1	0	1	0.5387840670859538
	picturesque	http://dbpedia.org/ontology/architecturalStyle	picturesque	1	<adj>	NN	<adj>	0.5387840670859538	0.007518796992481203	0.01818181818181818	6.439564685427266E-5	6.439564685427266E-5	6.439564685427266E-5	que	1.0	1	1	1	0.5387840670859538
	colonial	http://dbpedia.org/ontology/architecturalStyle	colonial architecture of indonesia	1	<adj> architecture of indonesia	NNP NNP IN NNP	<adj> NN IN NNP	0.5387840670859538	0.007518796992481203	0.01818181818181818	0.07502092858522764	6.439564685427266E-5	6.439564685427266E-5	ial	0.23529411764705888	1	0	1	0.5387840670859538
	period	http://dbpedia.org/ontology/architecturalStyle	hellenistic period	1	hellenistic <adj>	JJ NN	JJ <adj>	0.5387840670859538	0.007518796992481203	0.01818181818181818	6.439564685427266E-5	6.439564685427266E-5	6.439564685427266E-5	iod	0.33333333333333337	0	1	2	0.5387840670859538
	sod	http://dbpedia.org/ontology/architecturalStyle	sod house	2	<adj> house	NN NN	<adj> NNP	0.5387840670859538	0.007518796992481203	0.01818181818181818	1.287912937085453E-4	1.287912937085453E-4	1.287912937085453E-4	sod	0.33333333333333337	1	0	1	0.5387840670859538
	baroque	http://dbpedia.org/ontology/architecturalStyle	earthquake baroque	3	earthquake <adj>	NN JJ	NN <adj>	0.5387840670859538	0.007518796992481203	0.01818181818181818	0.01210638160860326	1.9318694056281795E-4	1.9318694056281795E-4	que	0.38888888888888884	0	1	2	0.5387840670859538
	mudjar	http://dbpedia.org/ontology/architecturalStyle	mudjar	1	<adj>	NN	<adj>	0.5387840670859538	0.007518796992481203	0.01818181818181818	6.439564685427266E-5	6.439564685427266E-5	2.575825874170906E-4	jar	1.0	1	1	1	0.5387840670859538
	islamic	http://dbpedia.org/ontology/architecturalStyle	islamic art	1	<adj> art	JJ NN	<adj> NNP	0.5387840670859538	0.007518796992481203	0.01818181818181818	6.439564685427265E-4	6.439564685427266E-5	6.439564685427266E-5	mic	0.6363636363636364	1	0	1	0.5387840670859538
	geodesic	http://dbpedia.org/ontology/architecturalStyle	geodesic dome	2	<adj> dome	JJ NN	<adj> NNP	0.5387840670859538	0.007518796992481203	0.01818181818181818	1.287912937085453E-4	1.287912937085453E-4	1.287912937085453E-4	sic	0.6153846153846154	1	0	1	0.5387840670859538
	dutch	http://dbpedia.org/ontology/architecturalStyle	dutch barn	1	<adj> barn	NNP NNP	<adj> NNP	0.5387840670859538	0.007518796992481203	0.01818181818181818	3.863738811256359E-4	6.439564685427266E-5	6.439564685427266E-5	tch	0.5	1	0	1	0.5387840670859538
	storybook	http://dbpedia.org/ontology/architecturalStyle	storybook house	1	<adj> house	NNP NNP	<adj> NNP	0.5387840670859538	0.007518796992481203	0.01818181818181818	6.439564685427266E-5	6.439564685427266E-5	6.439564685427266E-5	ook	0.6	1	0	1	0.5387840670859538
	sassanid	http://dbpedia.org/ontology/architecturalStyle	sassanid architecture	1	<adj> architecture	JJ NN	<adj> NNP	0.5387840670859538	0.007518796992481203	0.01818181818181818	6.439564685427266E-5	6.439564685427266E-5	6.439564685427266E-5	nid	0.38095238095238093	1	0	1	0.5387840670859538
	gothic	http://dbpedia.org/ontology/architecturalStyle	brick gothic	1	brick <adj>	NN JJ	NN <adj>	0.5387840670859538	0.007518796992481203	0.01818181818181818	0.1391589928520832	6.439564685427266E-5	6.439564685427266E-5	hic	0.5	0	1	2	0.5387840670859538
	international	http://dbpedia.org/ontology/architecturalStyle	international	1	<adj>	NNP	<adj>	0.5387840670859538	0.007518796992481203	0.01818181818181818	1.287912937085453E-4	6.439564685427266E-5	3.2197823427136327E-4	nal	1.0	1	1	1	0.5387840670859538
	constructivist	http://dbpedia.org/ontology/architecturalStyle	constructivist architecture	4	<adj> architecture	NN NN	<adj> NNP	0.5387840670859538	0.007518796992481203	0.01818181818181818	2.575825874170906E-4	2.575825874170906E-4	2.575825874170906E-4	ist	0.5185185185185186	1	0	1	0.5387840670859538
	orient	http://dbpedia.org/ontology/architecturalStyle	orient	1	<adj>	NNP	<adj>	0.5387840670859538	0.007518796992481203	0.01818181818181818	6.439564685427266E-5	6.439564685427266E-5	1.287912937085453E-4	ent	1.0	1	1	1	0.5387840670859538
	brick	http://dbpedia.org/ontology/architecturalStyle	brick	1	<adj>	NN	<adj>	0.5387840670859538	0.007518796992481203	0.01818181818181818	1.287912937085453E-4	6.439564685427266E-5	1.9318694056281795E-4	ick	1.0	1	1	1	0.5387840670859538
	paleolithic	http://dbpedia.org/ontology/architecturalStyle	paleolithic	1	<adj>	JJ	<adj>	0.5387840670859538	0.007518796992481203	0.01818181818181818	6.439564685427266E-5	6.439564685427266E-5	6.439564685427266E-5	hic	1.0	1	1	1	0.5387840670859538
	solar	http://dbpedia.org/ontology/architecturalStyle	passive solar building design	1	passive <adj> building design	JJ JJ NN NN	JJ <adj> NN NN	0.5387840670859538	0.007518796992481203	0.01818181818181818	6.439564685427266E-5	6.439564685427266E-5	6.439564685427266E-5	lar	0.1724137931034483	0	0	2	0.5387840670859538
	concrete	http://dbpedia.org/ontology/architecturalStyle	precast concrete	1	precast <adj>	VB NN	VB <adj>	0.5387840670859538	0.007518796992481203	0.01818181818181818	6.439564685427266E-5	6.439564685427266E-5	6.439564685427266E-5	ete	0.5	0	1	2	0.5387840670859538
	elizabethan	http://dbpedia.org/ontology/architecturalStyle	elizabethan architecture	3	<adj> architecture	JJ NN	<adj> NNP	0.5387840670859538	0.007518796992481203	0.01818181818181818	3.2197823427136327E-4	1.9318694056281795E-4	1.9318694056281795E-4	han	0.45833333333333337	1	0	1	0.5387840670859538
	terracotta	http://dbpedia.org/ontology/architecturalStyle	architectural terracotta	1	architectural <adj>	JJ NN	JJ <adj>	0.5387840670859538	0.007518796992481203	0.01818181818181818	6.439564685427266E-5	6.439564685427266E-5	6.439564685427266E-5	tta	0.41666666666666663	0	1	2	0.5387840670859538
	jeffersonian	http://dbpedia.org/ontology/architecturalStyle	jeffersonian architecture	2	<adj> architecture	NNP NNP	<adj> NNP	0.5387840670859538	0.007518796992481203	0.01818181818181818	1.287912937085453E-4	1.287912937085453E-4	1.287912937085453E-4	ian	0.48	1	0	1	0.5387840670859538
	hawaiian	http://dbpedia.org/ontology/architecturalStyle	hawaiian architecture	2	<adj> architecture	JJ NN	<adj> NNP	0.5387840670859538	0.007518796992481203	0.01818181818181818	1.287912937085453E-4	1.287912937085453E-4	1.287912937085453E-4	ian	0.38095238095238093	1	0	1	0.5387840670859538
	romanian	http://dbpedia.org/ontology/architecturalStyle	romanian architecture	1	<adj> architecture	JJ NN	<adj> NNP	0.5387840670859538	0.007518796992481203	0.01818181818181818	6.439564685427266E-5	6.439564685427266E-5	6.439564685427266E-5	ian	0.38095238095238093	1	0	1	0.5387840670859538
	stalinist	http://dbpedia.org/ontology/architecturalStyle	stalinist architecture	1	<adj> architecture	JJ NN	<adj> NNP	0.5387840670859538	0.007518796992481203	0.01818181818181818	6.439564685427266E-5	6.439564685427266E-5	6.439564685427266E-5	ist	0.40909090909090906	1	0	1	0.5387840670859538
	canadian	http://dbpedia.org/ontology/architecturalStyle	french canadian	1	french <adj>	JJ JJ	JJ <adj>	0.5387840670859538	0.007518796992481203	0.01818181818181818	6.439564685427266E-5	6.439564685427266E-5	6.439564685427266E-5	ian	0.5333333333333333	0	1	2	0.5387840670859538
	rural	http://dbpedia.org/ontology/architecturalStyle	rural cemetery	1	<adj> cemetery	JJ NN	<adj> NNP	0.5387840670859538	0.007518796992481203	0.01818181818181818	6.439564685427266E-5	6.439564685427266E-5	6.439564685427266E-5	ral	0.3571428571428571	1	0	1	0.5387840670859538
	ancient	http://dbpedia.org/ontology/architecturalStyle	ancient pueblo peoples	1	<adj> pueblo peoples	JJ NNP NNPS	<adj> NN NNS	0.5387840670859538	0.007518796992481203	0.01818181818181818	9.015390559598171E-4	6.439564685427266E-5	6.439564685427266E-5	ent	0.31818181818181823	1	0	1	0.5387840670859538
	mannerist	http://dbpedia.org/ontology/architecturalStyle	mannerist architecture and sculpture in poland	1	<adj> architecture and sculpture in poland	JJ NN CC NN IN NNP	<adj> NNP CC NN IN NNP	0.5387840670859538	0.007518796992481203	0.01818181818181818	6.439564685427266E-5	6.439564685427266E-5	6.439564685427266E-5	ist	0.19565217391304346	1	0	1	0.5387840670859538
	basque	http://dbpedia.org/ontology/architecturalStyle	basque people	1	<adj> people	JJ NNS	<adj> NNS	0.5387840670859538	0.007518796992481203	0.01818181818181818	6.439564685427266E-5	6.439564685427266E-5	6.439564685427266E-5	que	0.46153846153846156	1	0	1	0.5387840670859538
	mediterranean	http://dbpedia.org/ontology/architecturalStyle	mediterranean sea	1	<adj> sea	NNP NNP	<adj> NNP	0.5387840670859538	0.007518796992481203	0.01818181818181818	0.00534483868890463	6.439564685427266E-5	6.439564685427266E-5	ean	0.7647058823529411	1	0	1	0.5387840670859538
	renaissance	http://dbpedia.org/ontology/architecturalStyle	english renaissance	2	english <adj>	NNP NNP	NNP <adj>	0.5387840670859538	0.007518796992481203	0.01818181818181818	0.022602872045849702	1.287912937085453E-4	1.287912937085453E-4	nce	0.5789473684210527	0	1	2	0.5387840670859538
	flint	http://dbpedia.org/ontology/architecturalStyle	flint	1	<adj>	NNP	<adj>	0.5387840670859538	0.007518796992481203	0.01818181818181818	6.439564685427266E-5	6.439564685427266E-5	6.439564685427266E-5	int	1.0	1	1	1	0.5387840670859538
	industrial	http://dbpedia.org/ontology/architecturalStyle	industrial architecture	1	<adj> architecture	JJ NN	<adj> NNP	0.5387840670859538	0.007518796992481203	0.01818181818181818	6.439564685427266E-5	6.439564685427266E-5	6.439564685427266E-5	ial	0.4347826086956522	1	0	1	0.5387840670859538
	pacific	http://dbpedia.org/ontology/architecturalStyle	pacific lodge	1	<adj> lodge	NNP NNP	<adj> NNP	0.5387840670859538	0.007518796992481203	0.01818181818181818	6.439564685427266E-5	6.439564685427266E-5	6.439564685427266E-5	fic	0.5384615384615384	1	0	1	0.5387840670859538
	english	http://dbpedia.org/ontology/architecturalStyle	early english	1	early <adj>	JJ NNP	JJ <adj>	0.5387840670859538	0.007518796992481203	0.01818181818181818	1.287912937085453E-4	6.439564685427266E-5	6.439564685427266E-5	ish	0.5384615384615384	0	1	2	0.5387840670859538
	russian	http://dbpedia.org/ontology/architecturalStyle	neo-byzantine architecture in the russian empire	1	neo-byzantine architecture in the <adj> empire	JJ NN IN DT JJ NN	JJ NN IN DT <adj> NNP	0.5387840670859538	0.007518796992481203	0.01818181818181818	0.0012235172902311804	6.439564685427266E-5	6.439564685427266E-5	ian	0.14583333333333337	0	0	5	0.5387840670859538
	new	http://dbpedia.org/ontology/architecturalStyle	the new church	1	the <adj> church	DT JJ NN	DT <adj> NNP	0.5387840670859538	0.007518796992481203	0.01818181818181818	6.439564685427266E-5	6.439564685427266E-5	6.439564685427266E-5	new	0.2142857142857143	0	0	2	0.5387840670859538
	visigothic	http://dbpedia.org/ontology/architecturalStyle	visigothic art and architecture	1	<adj> art and architecture	JJ NN CC NN	<adj> NNP CC NNP	0.5387840670859538	0.007518796992481203	0.01818181818181818	6.439564685427266E-5	6.439564685427266E-5	6.439564685427266E-5	hic	0.32258064516129037	1	0	1	0.5387840670859538
	russian	http://dbpedia.org/ontology/architecturalStyle	russian church architecture	1	<adj> church architecture	NNP NNP NNP	<adj> NNP NNP	0.5387840670859538	0.007518796992481203	0.01818181818181818	0.0012235172902311804	6.439564685427266E-5	6.439564685427266E-5	ian	0.2592592592592593	1	0	1	0.5387840670859538
	cruciform	http://dbpedia.org/ontology/architecturalStyle	cruciform	1	<adj>	JJ	<adj>	0.5387840670859538	0.007518796992481203	0.01818181818181818	6.439564685427266E-5	6.439564685427266E-5	6.439564685427266E-5	orm	1.0	1	1	1	0.5387840670859538
	moderne	http://dbpedia.org/ontology/architecturalStyle	moderne	1	<adj>	NN	<adj>	0.5387840670859538	0.007518796992481203	0.01818181818181818	0.008307038444201172	6.439564685427266E-5	0.008307038444201172	rne	1.0	1	1	1	0.5387840670859538
	architectural	http://dbpedia.org/ontology/architecturalStyle	australian residential architectural styles	1	australian residential <adj> styles	JJ JJ JJ NNS	JJ JJ <adj> NNS	0.5387840670859538	0.007518796992481203	0.01818181818181818	0.01745122029750789	6.439564685427266E-5	6.439564685427266E-5	ral	0.3023255813953488	0	0	3	0.5387840670859538
	world	http://dbpedia.org/ontology/architecturalStyle	greco-roman world	1	greco-roman <adj>	NNP NNP	JJ <adj>	0.5387840670859538	0.007518796992481203	0.01818181818181818	6.439564685427266E-5	6.439564685427266E-5	6.439564685427266E-5	rld	0.2941176470588235	0	1	2	0.5387840670859538
	armenian	http://dbpedia.org/ontology/architecturalStyle	armenian architecture	1	<adj> architecture	JJ NN	<adj> NNP	0.5387840670859538	0.007518796992481203	0.01818181818181818	6.439564685427266E-5	6.439564685427266E-5	6.439564685427266E-5	ian	0.38095238095238093	1	0	1	0.5387840670859538
	arch	http://dbpedia.org/ontology/architecturalStyle	through arch bridge	1	through <adj> bridge	IN NNP NNP	IN <adj> NNP	0.5387840670859538	0.007518796992481203	0.01818181818181818	5.795608216884538E-4	6.439564685427266E-5	6.439564685427266E-5	rch	0.21052631578947367	0	0	2	0.5387840670859538
	state	http://dbpedia.org/ontology/architecturalStyle	hyderabad state	1	hyderabad <adj>	NNP NNP	NNP <adj>	0.5387840670859538	0.007518796992481203	0.01818181818181818	1.287912937085453E-4	6.439564685427266E-5	6.439564685427266E-5	ate	0.33333333333333337	0	1	2	0.5387840670859538
	iron	http://dbpedia.org/ontology/architecturalStyle	iron age	1	<adj> age	NN NN	<adj> NNP	0.5387840670859538	0.007518796992481203	0.01818181818181818	1.287912937085453E-4	6.439564685427266E-5	6.439564685427266E-5	ron	0.5	1	0	1	0.5387840670859538
