	bengali	http://dbpedia.org/ontology/ethnicity	bengali people	113	<adj> people	JJ NNS	<adj> NNS	0.5317073170731708	0.006896551724137931	0.02127659574468085	0.05447973147430932	0.029176349083397883	0.029176349083397883	ali	0.5	1	0	1	0.5317073170731708
	swiss	http://dbpedia.org/ontology/ethnicity	swiss people	1	<adj> people	JJ NNS	<adj> NNS	0.5317073170731708	0.006896551724137931	0.02127659574468085	2.581977794990963E-4	2.581977794990963E-4	2.581977794990963E-4	iss	0.41666666666666663	1	0	1	0.5317073170731708
	french	http://dbpedia.org/ontology/ethnicity	french people	35	<adj> people	JJ NNS	<adj> NNS	0.5317073170731708	0.006896551724137931	0.02127659574468085	0.009036922282468371	0.009036922282468371	0.009036922282468371	nch	0.46153846153846156	1	0	1	0.5317073170731708
	iranian	http://dbpedia.org/ontology/ethnicity	iranian peoples	5	<adj> peoples	JJ NNS	<adj> NNPS	0.5317073170731708	0.006896551724137931	0.02127659574468085	0.001549186676994578	0.0012909888974954814	0.0012909888974954814	ian	0.4666666666666667	1	0	1	0.5317073170731708
	pashtun	http://dbpedia.org/ontology/ethnicity	pashtun people	42	<adj> people	JJ NNS	<adj> NNS	0.5317073170731708	0.006896551724137931	0.02127659574468085	0.010844306738962044	0.010844306738962044	0.010844306738962044	tun	0.5	1	0	1	0.5317073170731708
	bengali	http://dbpedia.org/ontology/ethnicity	bengali hindus	92	<adj> hindus	NNP NNPS	<adj> NNPS	0.5317073170731708	0.006896551724137931	0.02127659574468085	0.05447973147430932	0.023754195713916862	0.023754195713916862	ali	0.5	1	0	1	0.5317073170731708
	american	http://dbpedia.org/ontology/ethnicity	white american	45	white <adj>	NNP NNP	JJ <adj>	0.5317073170731708	0.006896551724137931	0.02127659574468085	0.11722179189258973	0.011618900077459334	0.011618900077459334	can	0.5714285714285714	0	1	2	0.5317073170731708
	israeli	http://dbpedia.org/ontology/ethnicity	israeli jews	4	<adj> jews	JJ NNPS	<adj> NNPS	0.5317073170731708	0.006896551724137931	0.02127659574468085	0.0010327911179963851	0.0010327911179963851	0.0010327911179963851	eli	0.5833333333333333	1	0	1	0.5317073170731708
	filipino	http://dbpedia.org/ontology/ethnicity	filipino people	24	<adj> people	NNP NNPS	<adj> NNS	0.5317073170731708	0.006896551724137931	0.02127659574468085	0.006971340046475601	0.006196746707978312	0.006196746707978312	ino	0.5333333333333333	1	0	1	0.5317073170731708
	bengali	http://dbpedia.org/ontology/ethnicity	bengali brahmins	1	<adj> brahmins	NNP NNPS	<adj> NNPS	0.5317073170731708	0.006896551724137931	0.02127659574468085	0.05447973147430932	2.581977794990963E-4	2.581977794990963E-4	ali	0.4375	1	0	1	0.5317073170731708
	irish	http://dbpedia.org/ontology/ethnicity	irish people	50	<adj> people	JJ NNS	<adj> NNS	0.5317073170731708	0.006896551724137931	0.02127659574468085	0.013684482313452104	0.012909888974954816	0.013168086754453912	ish	0.41666666666666663	1	0	1	0.5317073170731708
	american	http://dbpedia.org/ontology/ethnicity	african american	116	african <adj>	NNP NNP	NNP <adj>	0.5317073170731708	0.006896551724137931	0.02127659574468085	0.11722179189258973	0.029950942421895173	0.029950942421895173	can	0.5	0	1	2	0.5317073170731708
	american	http://dbpedia.org/ontology/ethnicity	american jews	54	<adj> jews	NNP NNPS	<adj> NNPS	0.5317073170731708	0.006896551724137931	0.02127659574468085	0.11722179189258973	0.013942680092951201	0.013942680092951201	can	0.6153846153846154	1	0	1	0.5317073170731708
	arab	http://dbpedia.org/ontology/ethnicity	arab people	30	<adj> people	NNP NNPS	<adj> NNS	0.5317073170731708	0.006896551724137931	0.02127659574468085	0.008004131164471986	0.0077459333849728895	0.0077459333849728895	rab	0.36363636363636365	1	0	1	0.5317073170731708
	american	http://dbpedia.org/ontology/ethnicity	english american	18	english <adj>	NNP NNP	NNP <adj>	0.5317073170731708	0.006896551724137931	0.02127659574468085	0.11722179189258973	0.004647560030983733	0.004647560030983733	can	0.5	0	1	2	0.5317073170731708
	english	http://dbpedia.org/ontology/ethnicity	english people	75	<adj> people	NNP NNPS	<adj> NNS	0.5317073170731708	0.006896551724137931	0.02127659574468085	0.019623031241931318	0.019364833462432222	0.019364833462432222	ish	0.5	1	0	1	0.5317073170731708
	american	http://dbpedia.org/ontology/ethnicity	german american	13	german <adj>	JJ JJ	JJ <adj>	0.5317073170731708	0.006896551724137931	0.02127659574468085	0.11722179189258973	0.003356571133488252	0.003356571133488252	can	0.5333333333333333	0	1	2	0.5317073170731708
	basque	http://dbpedia.org/ontology/ethnicity	basque people	7	<adj> people	JJ NNS	<adj> NNS	0.5317073170731708	0.006896551724137931	0.02127659574468085	0.0018073844564936742	0.0018073844564936742	0.0018073844564936742	que	0.46153846153846156	1	0	1	0.5317073170731708
	black	http://dbpedia.org/ontology/ethnicity	black people	3	<adj> people	JJ NNS	<adj> NNS	0.5317073170731708	0.006896551724137931	0.02127659574468085	0.0010327911179963851	7.74593338497289E-4	7.74593338497289E-4	ack	0.41666666666666663	1	0	1	0.5317073170731708
	american	http://dbpedia.org/ontology/ethnicity	irish american	20	irish <adj>	NNP NNP	JJ <adj>	0.5317073170731708	0.006896551724137931	0.02127659574468085	0.11722179189258973	0.005163955589981926	0.005680351148980119	can	0.5714285714285714	0	1	2	0.5317073170731708
	chuvash	http://dbpedia.org/ontology/ethnicity	chuvash people	2	<adj> people	JJ NNS	<adj> NNS	0.5317073170731708	0.006896551724137931	0.02127659574468085	5.163955589981926E-4	5.163955589981926E-4	5.163955589981926E-4	ash	0.5	1	0	1	0.5317073170731708
	american	http://dbpedia.org/ontology/ethnicity	italian american	29	italian <adj>	JJ NNP	JJ <adj>	0.5317073170731708	0.006896551724137931	0.02127659574468085	0.11722179189258973	0.007487735605473793	0.007487735605473793	can	0.5	0	1	2	0.5317073170731708
	kurdish	http://dbpedia.org/ontology/ethnicity	kurdish people	13	<adj> people	JJ NNS	<adj> NNS	0.5317073170731708	0.006896551724137931	0.02127659574468085	0.003356571133488252	0.003356571133488252	0.003356571133488252	ish	0.5	1	0	1	0.5317073170731708
	chinese	http://dbpedia.org/ontology/ethnicity	han chinese	27	han <adj>	NNP NNP	NNP <adj>	0.5317073170731708	0.006896551724137931	0.02127659574468085	0.01884843790343403	0.006971340046475601	0.006971340046475601	ese	0.6363636363636364	0	1	2	0.5317073170731708
	hungarian	http://dbpedia.org/ontology/ethnicity	hungarian people	20	<adj> people	JJ NNS	<adj> NNS	0.5317073170731708	0.006896551724137931	0.02127659574468085	0.005163955589981926	0.005163955589981926	0.005163955589981926	ian	0.5625	1	0	1	0.5317073170731708
	levant	http://dbpedia.org/ontology/ethnicity	levant	1	<adj>	NNP	<adj>	0.5317073170731708	0.006896551724137931	0.02127659574468085	2.581977794990963E-4	2.581977794990963E-4	2.581977794990963E-4	ant	1.0	1	1	1	0.5317073170731708
	portuguese	http://dbpedia.org/ontology/ethnicity	portuguese people	7	<adj> people	JJ NNS	<adj> NNS	0.5317073170731708	0.006896551724137931	0.02127659574468085	0.0018073844564936742	0.0018073844564936742	0.0018073844564936742	ese	0.5882352941176471	1	0	1	0.5317073170731708
	punjabi	http://dbpedia.org/ontology/ethnicity	punjabi people	26	<adj> people	JJ NNS	<adj> NNS	0.5317073170731708	0.006896551724137931	0.02127659574468085	0.006713142266976504	0.006713142266976504	0.006713142266976504	abi	0.5	1	0	1	0.5317073170731708
	somali	http://dbpedia.org/ontology/ethnicity	somali people	50	<adj> people	JJ NNS	<adj> NNS	0.5317073170731708	0.006896551724137931	0.02127659574468085	0.012909888974954816	0.012909888974954816	0.012909888974954816	ali	0.46153846153846156	1	0	1	0.5317073170731708
	spanish	http://dbpedia.org/ontology/ethnicity	spanish people	24	<adj> people	JJ NNS	<adj> NNS	0.5317073170731708	0.006896551724137931	0.02127659574468085	0.006196746707978312	0.006196746707978312	0.006196746707978312	ish	0.5	1	0	1	0.5317073170731708
	turkish	http://dbpedia.org/ontology/ethnicity	turkish people	28	<adj> people	JJ NNS	<adj> NNS	0.5317073170731708	0.006896551724137931	0.02127659574468085	0.008778724502969274	0.007229537825974697	0.007229537825974697	ish	0.5	1	0	1	0.5317073170731708
	czech	http://dbpedia.org/ontology/ethnicity	polish minority in the czech republic	16	polish minority in the <adj> republic	JJ NN IN DT NNP NNP	JJ NN IN DT <adj> NNP	0.5317073170731708	0.006896551724137931	0.02127659574468085	0.004131164471985541	0.004131164471985541	0.004131164471985541	ech	0.1351351351351351	0	0	5	0.5317073170731708
	brazilian	http://dbpedia.org/ontology/ethnicity	brazilian people	4	<adj> people	JJ NNS	<adj> NNS	0.5317073170731708	0.006896551724137931	0.02127659574468085	0.004131164471985541	0.0010327911179963851	0.0010327911179963851	ian	0.5625	1	0	1	0.5317073170731708
	caucasian	http://dbpedia.org/ontology/ethnicity	caucasian race	155	<adj> race	JJ NN	<adj> NN	0.5317073170731708	0.006896551724137931	0.02127659574468085	0.040020655822359925	0.040020655822359925	0.040020655822359925	ian	0.6428571428571428	1	0	1	0.5317073170731708
	singaporean	http://dbpedia.org/ontology/ethnicity	chinese singaporean	1	chinese <adj>	JJ JJ	JJ <adj>	0.5317073170731708	0.006896551724137931	0.02127659574468085	5.163955589981926E-4	2.581977794990963E-4	2.581977794990963E-4	ean	0.5789473684210527	0	1	2	0.5317073170731708
	mexican	http://dbpedia.org/ontology/ethnicity	mexican people	7	<adj> people	JJ NNS	<adj> NNS	0.5317073170731708	0.006896551724137931	0.02127659574468085	0.0018073844564936742	0.0018073844564936742	0.0018073844564936742	can	0.5	1	0	1	0.5317073170731708
	chinese	http://dbpedia.org/ontology/ethnicity	chinese people	29	<adj> people	JJ NNS	<adj> NNS	0.5317073170731708	0.006896551724137931	0.02127659574468085	0.01884843790343403	0.007487735605473793	0.008778724502969274	ese	0.5	1	0	1	0.5317073170731708
	ethnic	http://dbpedia.org/ontology/ethnicity	ethnic germans	7	<adj> germans	JJ NNPS	<adj> NNPS	0.5317073170731708	0.006896551724137931	0.02127659574468085	0.0036147689129873485	0.0018073844564936742	0.0018073844564936742	nic	0.4285714285714286	1	0	1	0.5317073170731708
	vietnamese	http://dbpedia.org/ontology/ethnicity	vietnamese people	4	<adj> people	JJ NNS	<adj> NNS	0.5317073170731708	0.006896551724137931	0.02127659574468085	0.0012909888974954814	0.0010327911179963851	0.0010327911179963851	ese	0.5882352941176471	1	0	1	0.5317073170731708
	gujarati	http://dbpedia.org/ontology/ethnicity	gujarati people	5	<adj> people	JJ NNS	<adj> NNS	0.5317073170731708	0.006896551724137931	0.02127659574468085	0.0018073844564936742	0.0012909888974954814	0.0012909888974954814	ati	0.5333333333333333	1	0	1	0.5317073170731708
	dutch	http://dbpedia.org/ontology/ethnicity	dutch burghers	1	<adj> burghers	NNP NNP	<adj> NNS	0.5317073170731708	0.006896551724137931	0.02127659574468085	0.004647560030983733	2.581977794990963E-4	2.581977794990963E-4	tch	0.3571428571428571	1	0	1	0.5317073170731708
	hakka	http://dbpedia.org/ontology/ethnicity	hakka people	1	<adj> people	JJ NNS	<adj> NNS	0.5317073170731708	0.006896551724137931	0.02127659574468085	2.581977794990963E-4	2.581977794990963E-4	2.581977794990963E-4	kka	0.41666666666666663	1	0	1	0.5317073170731708
	white	http://dbpedia.org/ontology/ethnicity	white people	151	<adj> people	JJ NNS	<adj> NNS	0.5317073170731708	0.006896551724137931	0.02127659574468085	0.03976245804286083	0.038987864704363544	0.038987864704363544	ite	0.41666666666666663	1	0	1	0.5317073170731708
	british	http://dbpedia.org/ontology/ethnicity	white british	107	white <adj>	JJ NNPS	JJ <adj>	0.5317073170731708	0.006896551724137931	0.02127659574468085	0.03563129357087529	0.027627162406403304	0.027627162406403304	ish	0.5384615384615384	0	1	2	0.5317073170731708
	american	http://dbpedia.org/ontology/ethnicity	chinese american	16	chinese <adj>	NNP NNP	JJ <adj>	0.5317073170731708	0.006896551724137931	0.02127659574468085	0.11722179189258973	0.004131164471985541	0.004131164471985541	can	0.5	0	1	2	0.5317073170731708
	lithuanian	http://dbpedia.org/ontology/ethnicity	lithuanian people	3	<adj> people	JJ NNS	<adj> NNS	0.5317073170731708	0.006896551724137931	0.02127659574468085	7.74593338497289E-4	7.74593338497289E-4	7.74593338497289E-4	ian	0.5882352941176471	1	0	1	0.5317073170731708
	turkish	http://dbpedia.org/ontology/ethnicity	turkish cypriots	6	<adj> cypriots	JJ NNS	<adj> NNPS	0.5317073170731708	0.006896551724137931	0.02127659574468085	0.008778724502969274	0.001549186676994578	0.001549186676994578	ish	0.4375	1	0	1	0.5317073170731708
	mi'kmaq	http://dbpedia.org/ontology/ethnicity	mi'kmaq people	2	<adj> people	NNP `` NNP NNPS	<adj> NNS	0.5317073170731708	0.006896551724137931	0.02127659574468085	5.163955589981926E-4	5.163955589981926E-4	5.163955589981926E-4	maq	0.5	1	0	1	0.5317073170731708
	tamil	http://dbpedia.org/ontology/ethnicity	sri lankan tamil people	23	sri lankan <adj> people	NNP NNP NNP NNPS	NNP NNP <adj> NNPS	0.5317073170731708	0.006896551724137931	0.02127659574468085	0.008004131164471986	0.0059385489284792155	0.0059385489284792155	mil	0.21739130434782605	0	0	3	0.5317073170731708
	american	http://dbpedia.org/ontology/ethnicity	turkish american	1	turkish <adj>	JJ NNP	JJ <adj>	0.5317073170731708	0.006896551724137931	0.02127659574468085	0.11722179189258973	2.581977794990963E-4	2.581977794990963E-4	can	0.5	0	1	2	0.5317073170731708
	arab	http://dbpedia.org/ontology/ethnicity	arab citizens of israel	1	<adj> citizens of israel	NNP NNPS IN NNP	<adj> NNS IN NNP	0.5317073170731708	0.006896551724137931	0.02127659574468085	0.008004131164471986	2.581977794990963E-4	2.581977794990963E-4	rab	0.17391304347826086	1	0	1	0.5317073170731708
	hispanic	http://dbpedia.org/ontology/ethnicity	hispanic america	2	<adj> america	NNP NNP	<adj> NNP	0.5317073170731708	0.006896551724137931	0.02127659574468085	0.003356571133488252	5.163955589981926E-4	5.163955589981926E-4	nic	0.5	1	0	1	0.5317073170731708
	britain	http://dbpedia.org/ontology/ethnicity	great britain	1	great <adj>	NNP NNP	JJ <adj>	0.5317073170731708	0.006896551724137931	0.02127659574468085	7.74593338497289E-4	2.581977794990963E-4	7.74593338497289E-4	ain	0.5384615384615384	0	1	2	0.5317073170731708
	scottish	http://dbpedia.org/ontology/ethnicity	scottish people	17	<adj> people	JJ NNS	<adj> NNS	0.5317073170731708	0.006896551724137931	0.02127659574468085	0.004389362251484637	0.004389362251484637	0.004389362251484637	ish	0.5333333333333333	1	0	1	0.5317073170731708
	american	http://dbpedia.org/ontology/ethnicity	dominican american	3	dominican <adj>	NNP NNP	NNP <adj>	0.5317073170731708	0.006896551724137931	0.02127659574468085	0.11722179189258973	7.74593338497289E-4	7.74593338497289E-4	can	0.4444444444444444	0	1	2	0.5317073170731708
	american	http://dbpedia.org/ontology/ethnicity	european american	18	european <adj>	JJ NNP	JJ <adj>	0.5317073170731708	0.006896551724137931	0.02127659574468085	0.11722179189258973	0.004647560030983733	0.004647560030983733	can	0.47058823529411764	0	1	2	0.5317073170731708
	american	http://dbpedia.org/ontology/ethnicity	greek american	3	greek <adj>	JJ NNP	JJ <adj>	0.5317073170731708	0.006896551724137931	0.02127659574468085	0.11722179189258973	7.74593338497289E-4	0.0010327911179963851	can	0.5714285714285714	0	1	2	0.5317073170731708
	caribbean	http://dbpedia.org/ontology/ethnicity	caribbean	3	<adj>	NNP	<adj>	0.5317073170731708	0.006896551724137931	0.02127659574468085	7.74593338497289E-4	7.74593338497289E-4	0.002581977794990963	ean	1.0	1	1	1	0.5317073170731708
	chukchi	http://dbpedia.org/ontology/ethnicity	chukchi people	1	<adj> people	NNP NNPS	<adj> NNS	0.5317073170731708	0.006896551724137931	0.02127659574468085	2.581977794990963E-4	2.581977794990963E-4	2.581977794990963E-4	chi	0.5	1	0	1	0.5317073170731708
	galician	http://dbpedia.org/ontology/ethnicity	galician people	3	<adj> people	JJ NNS	<adj> NNS	0.5317073170731708	0.006896551724137931	0.02127659574468085	7.74593338497289E-4	7.74593338497289E-4	7.74593338497289E-4	ian	0.5333333333333333	1	0	1	0.5317073170731708
	american	http://dbpedia.org/ontology/ethnicity	latvian american	1	latvian <adj>	JJ NNP	JJ <adj>	0.5317073170731708	0.006896551724137931	0.02127659574468085	0.11722179189258973	2.581977794990963E-4	2.581977794990963E-4	can	0.5	0	1	2	0.5317073170731708
	japanese	http://dbpedia.org/ontology/ethnicity	japanese people	162	<adj> people	JJ NNS	<adj> NNS	0.5317073170731708	0.006896551724137931	0.02127659574468085	0.042344435837851795	0.041828040278853604	0.041828040278853604	ese	0.5333333333333333	1	0	1	0.5317073170731708
	kyrgyz	http://dbpedia.org/ontology/ethnicity	kyrgyz people	1	<adj> people	JJ NNS	<adj> NNS	0.5317073170731708	0.006896551724137931	0.02127659574468085	2.581977794990963E-4	2.581977794990963E-4	2.581977794990963E-4	gyz	0.46153846153846156	1	0	1	0.5317073170731708
	united	http://dbpedia.org/ontology/ethnicity	native americans in the united states	14	native americans in the <adj> states	JJ NNPS IN DT NNP NNPS	JJ NNPS IN DT <adj> NNPS	0.5317073170731708	0.006896551724137931	0.02127659574468085	0.007229537825974697	0.0036147689129873485	0.0036147689129873485	ted	0.16216216216216217	0	0	5	0.5317073170731708
	persian	http://dbpedia.org/ontology/ethnicity	persian people	8	<adj> people	NNP NNPS	<adj> NNS	0.5317073170731708	0.006896551724137931	0.02127659574468085	0.0023237800154918666	0.0020655822359927703	0.0020655822359927703	ian	0.5	1	0	1	0.5317073170731708
	american	http://dbpedia.org/ontology/ethnicity	polish american	4	polish <adj>	NNP NNP	JJ <adj>	0.5317073170731708	0.006896551724137931	0.02127659574468085	0.11722179189258973	0.0010327911179963851	0.0010327911179963851	can	0.5333333333333333	0	1	2	0.5317073170731708
	turkic	http://dbpedia.org/ontology/ethnicity	turkic peoples	1	<adj> peoples	JJ NNS	<adj> NNPS	0.5317073170731708	0.006896551724137931	0.02127659574468085	2.581977794990963E-4	2.581977794990963E-4	2.581977794990963E-4	kic	0.4285714285714286	1	0	1	0.5317073170731708
	white	http://dbpedia.org/ontology/ethnicity	white	2	<adj>	NNP	<adj>	0.5317073170731708	0.006896551724137931	0.02127659574468085	0.03976245804286083	5.163955589981926E-4	0.08081590498321714	ite	1.0	1	1	1	0.5317073170731708
	rican	http://dbpedia.org/ontology/ethnicity	puerto rican people	18	puerto <adj> people	NNP NNP NNPS	NNP <adj> NNPS	0.5317073170731708	0.006896551724137931	0.02127659574468085	0.0049057578104828295	0.004647560030983733	0.004647560030983733	can	0.26315789473684215	0	0	2	0.5317073170731708
	serer	http://dbpedia.org/ontology/ethnicity	serer people	4	<adj> people	JJR NNS	<adj> NNS	0.5317073170731708	0.006896551724137931	0.02127659574468085	0.0010327911179963851	0.0010327911179963851	0.0010327911179963851	rer	0.41666666666666663	1	0	1	0.5317073170731708
	united	http://dbpedia.org/ontology/ethnicity	guyanese in the united kingdom	1	guyanese in the <adj> kingdom	JJ IN DT NNP NNP	JJ IN DT <adj> NNP	0.5317073170731708	0.006896551724137931	0.02127659574468085	0.007229537825974697	2.581977794990963E-4	2.581977794990963E-4	ted	0.19999999999999996	0	0	4	0.5317073170731708
	american	http://dbpedia.org/ontology/ethnicity	indian american	5	indian <adj>	NNP NNP	JJ <adj>	0.5317073170731708	0.006896551724137931	0.02127659574468085	0.11722179189258973	0.0012909888974954814	0.0012909888974954814	can	0.5333333333333333	0	1	2	0.5317073170731708
	inuit	http://dbpedia.org/ontology/ethnicity	inuit	1	<adj>	NNP	<adj>	0.5317073170731708	0.006896551724137931	0.02127659574468085	2.581977794990963E-4	2.581977794990963E-4	2.581977794990963E-4	uit	1.0	1	1	1	0.5317073170731708
	indigenous	http://dbpedia.org/ontology/ethnicity	indigenous peoples of the americas	9	<adj> peoples of the americas	JJ NNS IN DT NNPS	<adj> NNP IN DT NNPS	0.5317073170731708	0.006896551724137931	0.02127659574468085	0.004389362251484637	0.0023237800154918666	0.0023237800154918666	ous	0.2941176470588235	1	0	1	0.5317073170731708
	dutch	http://dbpedia.org/ontology/ethnicity	pennsylvania dutch	1	pennsylvania <adj>	NNP NNP	NNP <adj>	0.5317073170731708	0.006896551724137931	0.02127659574468085	0.004647560030983733	2.581977794990963E-4	2.581977794990963E-4	tch	0.2777777777777778	0	1	2	0.5317073170731708
	shan	http://dbpedia.org/ontology/ethnicity	shan people	8	<adj> people	NNP NNPS	<adj> NNS	0.5317073170731708	0.006896551724137931	0.02127659574468085	0.0020655822359927703	0.0020655822359927703	0.0020655822359927703	han	0.36363636363636365	1	0	1	0.5317073170731708
	british	http://dbpedia.org/ontology/ethnicity	black british	8	black <adj>	JJ JJ	JJ <adj>	0.5317073170731708	0.006896551724137931	0.02127659574468085	0.03563129357087529	0.0020655822359927703	0.0020655822359927703	ish	0.5384615384615384	0	1	2	0.5317073170731708
	british	http://dbpedia.org/ontology/ethnicity	british african-caribbean people	6	<adj> african-caribbean people	JJ JJ NNS	<adj> JJ NNS	0.5317073170731708	0.006896551724137931	0.02127659574468085	0.03563129357087529	0.001549186676994578	0.001549186676994578	ish	0.21875	1	0	1	0.5317073170731708
	indian	http://dbpedia.org/ontology/ethnicity	indian people	11	<adj> people	JJ NNS	<adj> NNS	0.5317073170731708	0.006896551724137931	0.02127659574468085	0.004389362251484637	0.0028401755744900596	0.0028401755744900596	ian	0.46153846153846156	1	0	1	0.5317073170731708
	ottoman	http://dbpedia.org/ontology/ethnicity	armenians in the ottoman empire	2	armenians in the <adj> empire	NNPS IN DT NNP NNP	NNPS IN DT <adj> NNP	0.5317073170731708	0.006896551724137931	0.02127659574468085	0.0010327911179963851	5.163955589981926E-4	5.163955589981926E-4	man	0.22580645161290325	0	0	4	0.5317073170731708
	azerbaijani	http://dbpedia.org/ontology/ethnicity	azerbaijani people	8	<adj> people	JJ NNS	<adj> NNS	0.5317073170731708	0.006896551724137931	0.02127659574468085	0.0020655822359927703	0.0020655822359927703	0.0020655822359927703	ani	0.6111111111111112	1	0	1	0.5317073170731708
	italian	http://dbpedia.org/ontology/ethnicity	italian jews	1	<adj> jews	JJ NNPS	<adj> NNPS	0.5317073170731708	0.006896551724137931	0.02127659574468085	5.163955589981926E-4	2.581977794990963E-4	2.581977794990963E-4	ian	0.5833333333333333	1	0	1	0.5317073170731708
	british	http://dbpedia.org/ontology/ethnicity	british people	13	<adj> people	JJ NNS	<adj> NNS	0.5317073170731708	0.006896551724137931	0.02127659574468085	0.03563129357087529	0.003356571133488252	0.003356571133488252	ish	0.5	1	0	1	0.5317073170731708
	sinhalese	http://dbpedia.org/ontology/ethnicity	sinhalese people	34	<adj> people	JJ NNS	<adj> NNS	0.5317073170731708	0.006896551724137931	0.02127659574468085	0.008778724502969274	0.008778724502969274	0.008778724502969274	ese	0.5625	1	0	1	0.5317073170731708
	white	http://dbpedia.org/ontology/ethnicity	white earth band of ojibwe	1	<adj> earth band of ojibwe	JJ NN NN IN NNP	<adj> NNP NN IN NNP	0.5317073170731708	0.006896551724137931	0.02127659574468085	0.03976245804286083	2.581977794990963E-4	2.581977794990963E-4	ite	0.1923076923076923	1	0	1	0.5317073170731708
	hispanic	http://dbpedia.org/ontology/ethnicity	hispanic	11	<adj>	NNP	<adj>	0.5317073170731708	0.006896551724137931	0.02127659574468085	0.003356571133488252	0.0028401755744900596	0.007229537825974697	nic	1.0	1	1	1	0.5317073170731708
	kashmiri	http://dbpedia.org/ontology/ethnicity	kashmiri people	13	<adj> people	NNP NNPS	<adj> NNS	0.5317073170731708	0.006896551724137931	0.02127659574468085	0.0049057578104828295	0.003356571133488252	0.003356571133488252	iri	0.5333333333333333	1	0	1	0.5317073170731708
	multiracial	http://dbpedia.org/ontology/ethnicity	multiracial	3	<adj>	JJ	<adj>	0.5317073170731708	0.006896551724137931	0.02127659574468085	7.74593338497289E-4	7.74593338497289E-4	7.74593338497289E-4	ial	1.0	1	1	1	0.5317073170731708
	american	http://dbpedia.org/ontology/ethnicity	japanese american	16	japanese <adj>	JJ JJ	JJ <adj>	0.5317073170731708	0.006896551724137931	0.02127659574468085	0.11722179189258973	0.004131164471985541	0.004131164471985541	can	0.47058823529411764	0	1	2	0.5317073170731708
	united	http://dbpedia.org/ontology/ethnicity	demography of the united kingdom	2	demography of the <adj> kingdom	NN IN DT NNP NNP	NN IN DT <adj> NNP	0.5317073170731708	0.006896551724137931	0.02127659574468085	0.007229537825974697	5.163955589981926E-4	5.163955589981926E-4	ted	0.1875	0	0	4	0.5317073170731708
	american	http://dbpedia.org/ontology/ethnicity	trinidadian and tobagonian american	1	trinidadian and tobagonian <adj>	NNP CC NNP NNP	NNP CC NNP <adj>	0.5317073170731708	0.006896551724137931	0.02127659574468085	0.11722179189258973	2.581977794990963E-4	2.581977794990963E-4	can	0.22857142857142854	0	1	4	0.5317073170731708
	indian	http://dbpedia.org/ontology/ethnicity	indian	1	<adj>	NNP	<adj>	0.5317073170731708	0.006896551724137931	0.02127659574468085	0.004389362251484637	2.581977794990963E-4	0.006196746707978312	ian	1.0	1	1	1	0.5317073170731708
	bangladeshi	http://dbpedia.org/ontology/ethnicity	bangladeshi	1	<adj>	NNP	<adj>	0.5317073170731708	0.006896551724137931	0.02127659574468085	2.581977794990963E-4	2.581977794990963E-4	5.163955589981926E-4	shi	1.0	1	1	1	0.5317073170731708
	dutch	http://dbpedia.org/ontology/ethnicity	dutch people	16	<adj> people	JJ NNS	<adj> NNS	0.5317073170731708	0.006896551724137931	0.02127659574468085	0.004647560030983733	0.004131164471985541	0.004131164471985541	tch	0.41666666666666663	1	0	1	0.5317073170731708
	britain	http://dbpedia.org/ontology/ethnicity	irish migration to great britain	2	irish migration to great <adj>	JJ NN TO JJ NNP	JJ NN TO JJ <adj>	0.5317073170731708	0.006896551724137931	0.02127659574468085	7.74593338497289E-4	5.163955589981926E-4	5.163955589981926E-4	ain	0.21875	0	1	5	0.5317073170731708
	chinese	http://dbpedia.org/ontology/ethnicity	chinese indonesians	8	<adj> indonesians	NNP NNPS	<adj> NNS	0.5317073170731708	0.006896551724137931	0.02127659574468085	0.01884843790343403	0.0020655822359927703	0.0020655822359927703	ese	0.368421052631579	1	0	1	0.5317073170731708
	flemish	http://dbpedia.org/ontology/ethnicity	flemish people	2	<adj> people	JJ NNS	<adj> NNS	0.5317073170731708	0.006896551724137931	0.02127659574468085	5.163955589981926E-4	5.163955589981926E-4	5.163955589981926E-4	ish	0.5	1	0	1	0.5317073170731708
	assamese	http://dbpedia.org/ontology/ethnicity	assamese language	2	<adj> language	JJ NN	<adj> NN	0.5317073170731708	0.006896551724137931	0.02127659574468085	0.0036147689129873485	5.163955589981926E-4	5.163955589981926E-4	ese	0.47058823529411764	1	0	1	0.5317073170731708
	english	http://dbpedia.org/ontology/ethnicity	english language	1	<adj> language	NNP NN	<adj> NN	0.5317073170731708	0.006896551724137931	0.02127659574468085	0.019623031241931318	2.581977794990963E-4	2.581977794990963E-4	ish	0.4375	1	0	1	0.5317073170731708
	chilean	http://dbpedia.org/ontology/ethnicity	chilean people	1	<adj> people	JJ NNS	<adj> NNS	0.5317073170731708	0.006896551724137931	0.02127659574468085	5.163955589981926E-4	2.581977794990963E-4	2.581977794990963E-4	ean	0.5	1	0	1	0.5317073170731708
	brazilian	http://dbpedia.org/ontology/ethnicity	german brazilian	2	german <adj>	JJ JJ	JJ <adj>	0.5317073170731708	0.006896551724137931	0.02127659574468085	0.004131164471985541	5.163955589981926E-4	5.163955589981926E-4	ian	0.5625	0	1	2	0.5317073170731708
	indian	http://dbpedia.org/ontology/ethnicity	british indian	3	british <adj>	JJ JJ	JJ <adj>	0.5317073170731708	0.006896551724137931	0.02127659574468085	0.004389362251484637	7.74593338497289E-4	7.74593338497289E-4	ian	0.4285714285714286	0	1	2	0.5317073170731708
	indigenous	http://dbpedia.org/ontology/ethnicity	indigenous peoples in colombia	1	<adj> peoples in colombia	JJ NNS IN NNP	<adj> NNPS IN NNP	0.5317073170731708	0.006896551724137931	0.02127659574468085	0.004389362251484637	2.581977794990963E-4	2.581977794990963E-4	ous	0.33333333333333337	1	0	1	0.5317073170731708
	asian	http://dbpedia.org/ontology/ethnicity	asian people	2	<adj> people	JJ NNS	<adj> NNS	0.5317073170731708	0.006896551724137931	0.02127659574468085	5.163955589981926E-4	5.163955589981926E-4	5.163955589981926E-4	ian	0.41666666666666663	1	0	1	0.5317073170731708
	ashkenazi	http://dbpedia.org/ontology/ethnicity	ashkenazi jews	12	<adj> jews	NNP NNPS	<adj> NNPS	0.5317073170731708	0.006896551724137931	0.02127659574468085	0.003098373353989156	0.003098373353989156	0.003098373353989156	azi	0.6428571428571428	1	0	1	0.5317073170731708
	american	http://dbpedia.org/ontology/ethnicity	croatian american	1	croatian <adj>	NNP NNP	JJ <adj>	0.5317073170731708	0.006896551724137931	0.02127659574468085	0.11722179189258973	2.581977794990963E-4	2.581977794990963E-4	can	0.47058823529411764	0	1	2	0.5317073170731708
	ancient	http://dbpedia.org/ontology/ethnicity	ancient egypt	2	<adj> egypt	JJ NNP	<adj> NNP	0.5317073170731708	0.006896551724137931	0.02127659574468085	5.163955589981926E-4	5.163955589981926E-4	5.163955589981926E-4	ent	0.5384615384615384	1	0	1	0.5317073170731708
	bengali	http://dbpedia.org/ontology/ethnicity	bengali language	4	<adj> language	NNP NN	<adj> NN	0.5317073170731708	0.006896551724137931	0.02127659574468085	0.05447973147430932	0.0010327911179963851	0.0010327911179963851	ali	0.4375	1	0	1	0.5317073170731708
	american	http://dbpedia.org/ontology/ethnicity	hungarian american	4	hungarian <adj>	JJ NNP	JJ <adj>	0.5317073170731708	0.006896551724137931	0.02127659574468085	0.11722179189258973	0.0010327911179963851	0.0010327911179963851	can	0.4444444444444444	0	1	2	0.5317073170731708
	christian	http://dbpedia.org/ontology/ethnicity	christian	2	<adj>	NNP	<adj>	0.5317073170731708	0.006896551724137931	0.02127659574468085	5.163955589981926E-4	5.163955589981926E-4	0.0010327911179963851	ian	1.0	1	1	1	0.5317073170731708
	american	http://dbpedia.org/ontology/ethnicity	korean american	8	korean <adj>	JJ NNP	JJ <adj>	0.5317073170731708	0.006896551724137931	0.02127659574468085	0.11722179189258973	0.0020655822359927703	0.0020655822359927703	can	0.5333333333333333	0	1	2	0.5317073170731708
	indigenous	http://dbpedia.org/ontology/ethnicity	indigenous australians	7	<adj> australians	JJ NNPS	<adj> NNPS	0.5317073170731708	0.006896551724137931	0.02127659574468085	0.004389362251484637	0.0018073844564936742	0.0018073844564936742	ous	0.4545454545454546	1	0	1	0.5317073170731708
	japanese	http://dbpedia.org/ontology/ethnicity	japanese language	1	<adj> language	JJ NN	<adj> NN	0.5317073170731708	0.006896551724137931	0.02127659574468085	0.042344435837851795	2.581977794990963E-4	2.581977794990963E-4	ese	0.47058823529411764	1	0	1	0.5317073170731708
	latvian	http://dbpedia.org/ontology/ethnicity	latvian people	3	<adj> people	JJ NNS	<adj> NNS	0.5317073170731708	0.006896551724137931	0.02127659574468085	7.74593338497289E-4	7.74593338497289E-4	7.74593338497289E-4	ian	0.5	1	0	1	0.5317073170731708
	malagasy	http://dbpedia.org/ontology/ethnicity	malagasy people	1	<adj> people	JJ NNS	<adj> NNS	0.5317073170731708	0.006896551724137931	0.02127659574468085	2.581977794990963E-4	2.581977794990963E-4	2.581977794990963E-4	asy	0.5333333333333333	1	0	1	0.5317073170731708
	malay	http://dbpedia.org/ontology/ethnicity	malay language	1	<adj> language	NNP NN	<adj> NN	0.5317073170731708	0.006896551724137931	0.02127659574468085	2.581977794990963E-4	2.581977794990963E-4	2.581977794990963E-4	lay	0.3571428571428571	1	0	1	0.5317073170731708
	american	http://dbpedia.org/ontology/ethnicity	mexican american	11	mexican <adj>	NNP NNP	JJ <adj>	0.5317073170731708	0.006896551724137931	0.02127659574468085	0.11722179189258973	0.0028401755744900596	0.0028401755744900596	can	0.5	0	1	2	0.5317073170731708
	american	http://dbpedia.org/ontology/ethnicity	norwegian american	3	norwegian <adj>	JJ NNP	JJ <adj>	0.5317073170731708	0.006896551724137931	0.02127659574468085	0.11722179189258973	7.74593338497289E-4	7.74593338497289E-4	can	0.4444444444444444	0	1	2	0.5317073170731708
	south	http://dbpedia.org/ontology/ethnicity	south asia	7	<adj> asia	NNP NNP	<adj> NNP	0.5317073170731708	0.006896551724137931	0.02127659574468085	0.0018073844564936742	0.0018073844564936742	0.0020655822359927703	uth	0.5	1	0	1	0.5317073170731708
	american	http://dbpedia.org/ontology/ethnicity	russian american	6	russian <adj>	NNP NNP	NNP <adj>	0.5317073170731708	0.006896551724137931	0.02127659574468085	0.11722179189258973	0.001549186676994578	0.001549186676994578	can	0.5	0	1	2	0.5317073170731708
	tajik	http://dbpedia.org/ontology/ethnicity	tajik people	3	<adj> people	JJ NNS	<adj> NNS	0.5317073170731708	0.006896551724137931	0.02127659574468085	7.74593338497289E-4	7.74593338497289E-4	7.74593338497289E-4	jik	0.41666666666666663	1	0	1	0.5317073170731708
	american	http://dbpedia.org/ontology/ethnicity	scottish american	5	scottish <adj>	NNP NNP	JJ <adj>	0.5317073170731708	0.006896551724137931	0.02127659574468085	0.11722179189258973	0.0012909888974954814	0.0012909888974954814	can	0.47058823529411764	0	1	2	0.5317073170731708
	american	http://dbpedia.org/ontology/ethnicity	sri lankan american	1	sri lankan <adj>	NNP NNP NNP	NNP NNP <adj>	0.5317073170731708	0.006896551724137931	0.02127659574468085	0.11722179189258973	2.581977794990963E-4	2.581977794990963E-4	can	0.42105263157894735	0	1	3	0.5317073170731708
	american	http://dbpedia.org/ontology/ethnicity	filipino american	4	filipino <adj>	NNP NNP	NNP <adj>	0.5317073170731708	0.006896551724137931	0.02127659574468085	0.11722179189258973	0.0010327911179963851	0.0010327911179963851	can	0.47058823529411764	0	1	2	0.5317073170731708
	latino	http://dbpedia.org/ontology/ethnicity	hispanic and latino americans	13	hispanic and <adj> americans	NNP CC NNP NNPS	NNP CC <adj> NNPS	0.5317073170731708	0.006896551724137931	0.02127659574468085	0.0038729666924864447	0.003356571133488252	0.0038729666924864447	ino	0.2068965517241379	0	0	3	0.5317073170731708
	hindu	http://dbpedia.org/ontology/ethnicity	hindu	46	<adj>	NNP	<adj>	0.5317073170731708	0.006896551724137931	0.02127659574468085	0.011877097856958431	0.011877097856958431	0.03563129357087529	ndu	1.0	1	1	1	0.5317073170731708
	albanian	http://dbpedia.org/ontology/ethnicity	albanian language	1	<adj> language	JJ NN	<adj> NN	0.5317073170731708	0.006896551724137931	0.02127659574468085	2.581977794990963E-4	2.581977794990963E-4	2.581977794990963E-4	ian	0.47058823529411764	1	0	1	0.5317073170731708
	russian	http://dbpedia.org/ontology/ethnicity	russian language	1	<adj> language	JJ NN	<adj> NN	0.5317073170731708	0.006896551724137931	0.02127659574468085	5.163955589981926E-4	2.581977794990963E-4	2.581977794990963E-4	ian	0.4375	1	0	1	0.5317073170731708
	malayali	http://dbpedia.org/ontology/ethnicity	malayali	6	<adj>	NNP	<adj>	0.5317073170731708	0.006896551724137931	0.02127659574468085	0.001549186676994578	0.001549186676994578	0.001549186676994578	ali	1.0	1	1	1	0.5317073170731708
	colombian	http://dbpedia.org/ontology/ethnicity	colombian people	3	<adj> people	JJ NNS	<adj> NNS	0.5317073170731708	0.006896551724137931	0.02127659574468085	7.74593338497289E-4	7.74593338497289E-4	7.74593338497289E-4	ian	0.5625	1	0	1	0.5317073170731708
	brahmin	http://dbpedia.org/ontology/ethnicity	goud saraswat brahmin	4	goud saraswat <adj>	NNP NNP NNP	NNP NNP <adj>	0.5317073170731708	0.006896551724137931	0.02127659574468085	0.0010327911179963851	0.0010327911179963851	0.0010327911179963851	min	0.33333333333333337	0	1	3	0.5317073170731708
	haitian	http://dbpedia.org/ontology/ethnicity	haitian people	1	<adj> people	JJ NNS	<adj> NNS	0.5317073170731708	0.006896551724137931	0.02127659574468085	2.581977794990963E-4	2.581977794990963E-4	2.581977794990963E-4	ian	0.5	1	0	1	0.5317073170731708
	european	http://dbpedia.org/ontology/ethnicity	new zealand european	4	new zealand <adj>	NNP NNP NNP	NNP NNP <adj>	0.5317073170731708	0.006896551724137931	0.02127659574468085	0.001549186676994578	0.0010327911179963851	0.0010327911179963851	ean	0.4	0	1	3	0.5317073170731708
	canadian	http://dbpedia.org/ontology/ethnicity	irish canadian	2	irish <adj>	NNP NNP	JJ <adj>	0.5317073170731708	0.006896551724137931	0.02127659574468085	0.002581977794990963	5.163955589981926E-4	5.163955589981926E-4	ian	0.5714285714285714	0	1	2	0.5317073170731708
	north	http://dbpedia.org/ontology/ethnicity	north india	1	<adj> india	NNP NNP	<adj> NNP	0.5317073170731708	0.006896551724137931	0.02127659574468085	2.581977794990963E-4	2.581977794990963E-4	2.581977794990963E-4	rth	0.4545454545454546	1	0	1	0.5317073170731708
	pacific	http://dbpedia.org/ontology/ethnicity	pacific islander	1	<adj> islander	NNP NNP	<adj> NNP	0.5317073170731708	0.006896551724137931	0.02127659574468085	2.581977794990963E-4	2.581977794990963E-4	2.581977794990963E-4	fic	0.4375	1	0	1	0.5317073170731708
	sindhi	http://dbpedia.org/ontology/ethnicity	sindhi people	6	<adj> people	NNP NNPS	<adj> NNS	0.5317073170731708	0.006896551724137931	0.02127659574468085	0.001549186676994578	0.001549186676994578	0.001549186676994578	dhi	0.46153846153846156	1	0	1	0.5317073170731708
	japanese	http://dbpedia.org/ontology/ethnicity	filipino japanese	1	filipino <adj>	NNP NNPS	NNP <adj>	0.5317073170731708	0.006896551724137931	0.02127659574468085	0.042344435837851795	2.581977794990963E-4	2.581977794990963E-4	ese	0.47058823529411764	0	1	2	0.5317073170731708
	american	http://dbpedia.org/ontology/ethnicity	dutch american	1	dutch <adj>	NNP NNP	NNP <adj>	0.5317073170731708	0.006896551724137931	0.02127659574468085	0.11722179189258973	2.581977794990963E-4	2.581977794990963E-4	can	0.5714285714285714	0	1	2	0.5317073170731708
	welsh	http://dbpedia.org/ontology/ethnicity	welsh people	11	<adj> people	JJ NNS	<adj> NNS	0.5317073170731708	0.006896551724137931	0.02127659574468085	0.003098373353989156	0.0028401755744900596	0.0028401755744900596	lsh	0.41666666666666663	1	0	1	0.5317073170731708
	american	http://dbpedia.org/ontology/ethnicity	vietnamese american	3	vietnamese <adj>	JJ NNP	JJ <adj>	0.5317073170731708	0.006896551724137931	0.02127659574468085	0.11722179189258973	7.74593338497289E-4	7.74593338497289E-4	can	0.42105263157894735	0	1	2	0.5317073170731708
	ethnic	http://dbpedia.org/ontology/ethnicity	ethnic groups in europe	2	<adj> groups in europe	JJ NNS IN NNP	<adj> NNS IN NNP	0.5317073170731708	0.006896551724137931	0.02127659574468085	0.0036147689129873485	5.163955589981926E-4	5.163955589981926E-4	nic	0.26086956521739135	1	0	1	0.5317073170731708
	iraqi	http://dbpedia.org/ontology/ethnicity	iraqi people	3	<adj> people	JJ NNS	<adj> NNS	0.5317073170731708	0.006896551724137931	0.02127659574468085	7.74593338497289E-4	7.74593338497289E-4	7.74593338497289E-4	aqi	0.41666666666666663	1	0	1	0.5317073170731708
	thai	http://dbpedia.org/ontology/ethnicity	thai people	5	<adj> people	NNP NNPS	<adj> NNS	0.5317073170731708	0.006896551724137931	0.02127659574468085	0.0012909888974954814	0.0012909888974954814	0.0012909888974954814	hai	0.36363636363636365	1	0	1	0.5317073170731708
	german	http://dbpedia.org/ontology/ethnicity	swabian german	1	swabian <adj>	JJ JJ	JJ <adj>	0.5317073170731708	0.006896551724137931	0.02127659574468085	7.74593338497289E-4	2.581977794990963E-4	2.581977794990963E-4	man	0.4285714285714286	0	1	2	0.5317073170731708
	afrikaner	http://dbpedia.org/ontology/ethnicity	afrikaner	3	<adj>	NNP	<adj>	0.5317073170731708	0.006896551724137931	0.02127659574468085	7.74593338497289E-4	7.74593338497289E-4	7.74593338497289E-4	ner	1.0	1	1	1	0.5317073170731708
	tibetan	http://dbpedia.org/ontology/ethnicity	tibetan people	3	<adj> people	NNP NNPS	<adj> NNS	0.5317073170731708	0.006896551724137931	0.02127659574468085	7.74593338497289E-4	7.74593338497289E-4	7.74593338497289E-4	tan	0.5	1	0	1	0.5317073170731708
	berber	http://dbpedia.org/ontology/ethnicity	berber people	3	<adj> people	NNP NNPS	<adj> NNS	0.5317073170731708	0.006896551724137931	0.02127659574468085	7.74593338497289E-4	7.74593338497289E-4	7.74593338497289E-4	ber	0.46153846153846156	1	0	1	0.5317073170731708
	wild	http://dbpedia.org/ontology/ethnicity	wild boar	1	<adj> boar	JJ NN	<adj> NNP	0.5317073170731708	0.006896551724137931	0.02127659574468085	2.581977794990963E-4	2.581977794990963E-4	2.581977794990963E-4	ild	0.4444444444444444	1	0	1	0.5317073170731708
	ethnic	http://dbpedia.org/ontology/ethnicity	south asian ethnic groups	1	south asian <adj> groups	JJ JJ JJ NNS	JJ JJ <adj> NNS	0.5317073170731708	0.006896551724137931	0.02127659574468085	0.0036147689129873485	2.581977794990963E-4	2.581977794990963E-4	nic	0.24	0	0	3	0.5317073170731708
	druze	http://dbpedia.org/ontology/ethnicity	druze	1	<adj>	NNP	<adj>	0.5317073170731708	0.006896551724137931	0.02127659574468085	2.581977794990963E-4	2.581977794990963E-4	2.581977794990963E-4	uze	1.0	1	1	1	0.5317073170731708
	american	http://dbpedia.org/ontology/ethnicity	austrian american	1	austrian <adj>	JJ NNP	JJ <adj>	0.5317073170731708	0.006896551724137931	0.02127659574468085	0.11722179189258973	2.581977794990963E-4	2.581977794990963E-4	can	0.47058823529411764	0	1	2	0.5317073170731708
	chicano	http://dbpedia.org/ontology/ethnicity	chicano	4	<adj>	NNP	<adj>	0.5317073170731708	0.006896551724137931	0.02127659574468085	0.0010327911179963851	0.0010327911179963851	0.0010327911179963851	ano	1.0	1	1	1	0.5317073170731708
	assyrian	http://dbpedia.org/ontology/ethnicity	assyrian people	4	<adj> people	JJ NNS	<adj> NNS	0.5317073170731708	0.006896551724137931	0.02127659574468085	0.0010327911179963851	0.0010327911179963851	0.0010327911179963851	ian	0.5333333333333333	1	0	1	0.5317073170731708
	canadian	http://dbpedia.org/ontology/ethnicity	french canadian	4	french <adj>	JJ JJ	JJ <adj>	0.5317073170731708	0.006896551724137931	0.02127659574468085	0.002581977794990963	0.0010327911179963851	0.0010327911179963851	ian	0.5333333333333333	0	1	2	0.5317073170731708
	german	http://dbpedia.org/ontology/ethnicity	german language	1	<adj> language	JJ NN	<adj> NN	0.5317073170731708	0.006896551724137931	0.02127659574468085	7.74593338497289E-4	2.581977794990963E-4	2.581977794990963E-4	man	0.4	1	0	1	0.5317073170731708
	zulu	http://dbpedia.org/ontology/ethnicity	zulu people	1	<adj> people	NNP NNPS	<adj> NNS	0.5317073170731708	0.006896551724137931	0.02127659574468085	2.581977794990963E-4	2.581977794990963E-4	2.581977794990963E-4	ulu	0.36363636363636365	1	0	1	0.5317073170731708
	mangalorean	http://dbpedia.org/ontology/ethnicity	mangalorean catholics	6	<adj> catholics	JJ NNPS	<adj> NNPS	0.5317073170731708	0.006896551724137931	0.02127659574468085	0.001549186676994578	0.001549186676994578	0.001549186676994578	ean	0.5238095238095238	1	0	1	0.5317073170731708
	american	http://dbpedia.org/ontology/ethnicity	palestinian american	1	palestinian <adj>	JJ NNP	JJ <adj>	0.5317073170731708	0.006896551724137931	0.02127659574468085	0.11722179189258973	2.581977794990963E-4	2.581977794990963E-4	can	0.4	0	1	2	0.5317073170731708
	british	http://dbpedia.org/ontology/ethnicity	british jews	1	<adj> jews	JJ NNPS	<adj> NNPS	0.5317073170731708	0.006896551724137931	0.02127659574468085	0.03563129357087529	2.581977794990963E-4	2.581977794990963E-4	ish	0.5833333333333333	1	0	1	0.5317073170731708
	taiwanese	http://dbpedia.org/ontology/ethnicity	taiwanese people	3	<adj> people	JJ NNS	<adj> NNS	0.5317073170731708	0.006896551724137931	0.02127659574468085	7.74593338497289E-4	7.74593338497289E-4	7.74593338497289E-4	ese	0.5625	1	0	1	0.5317073170731708
	goan	http://dbpedia.org/ontology/ethnicity	goan catholics	4	<adj> catholics	NNP NNPS	<adj> NNPS	0.5317073170731708	0.006896551724137931	0.02127659574468085	0.0010327911179963851	0.0010327911179963851	0.0010327911179963851	oan	0.2857142857142857	1	0	1	0.5317073170731708
	country	http://dbpedia.org/ontology/ethnicity	southern basque country	1	southern basque <adj>	NNP JJ NN	NNP JJ <adj>	0.5317073170731708	0.006896551724137931	0.02127659574468085	7.74593338497289E-4	2.581977794990963E-4	2.581977794990963E-4	try	0.30434782608695654	0	1	3	0.5317073170731708
	australian	http://dbpedia.org/ontology/ethnicity	irish australian	1	irish <adj>	NNP NNP	JJ <adj>	0.5317073170731708	0.006896551724137931	0.02127659574468085	0.001549186676994578	2.581977794990963E-4	2.581977794990963E-4	ian	0.625	0	1	2	0.5317073170731708
	balinese	http://dbpedia.org/ontology/ethnicity	balinese	1	<adj>	NN	<adj>	0.5317073170731708	0.006896551724137931	0.02127659574468085	5.163955589981926E-4	2.581977794990963E-4	5.163955589981926E-4	ese	1.0	1	1	1	0.5317073170731708
	assamese	http://dbpedia.org/ontology/ethnicity	assamese people	12	<adj> people	JJ NNS	<adj> NNS	0.5317073170731708	0.006896551724137931	0.02127659574468085	0.0036147689129873485	0.003098373353989156	0.003098373353989156	ese	0.5333333333333333	1	0	1	0.5317073170731708
	dalmatian	http://dbpedia.org/ontology/ethnicity	dalmatian italians	1	<adj> italians	NNP NNPS	<adj> NNPS	0.5317073170731708	0.006896551724137931	0.02127659574468085	2.581977794990963E-4	2.581977794990963E-4	2.581977794990963E-4	ian	0.5	1	0	1	0.5317073170731708
	creole	http://dbpedia.org/ontology/ethnicity	sierra leone creole people	2	sierra leone <adj> people	NNP NNP NNP NNPS	NNP NNP <adj> NNPS	0.5317073170731708	0.006896551724137931	0.02127659574468085	5.163955589981926E-4	5.163955589981926E-4	5.163955589981926E-4	ole	0.23076923076923073	0	0	3	0.5317073170731708
	palestinian	http://dbpedia.org/ontology/ethnicity	palestinian people	6	<adj> people	JJ NNS	<adj> NNS	0.5317073170731708	0.006896551724137931	0.02127659574468085	0.0018073844564936742	0.001549186676994578	0.001549186676994578	ian	0.6111111111111112	1	0	1	0.5317073170731708
	ewe	http://dbpedia.org/ontology/ethnicity	ewe people	4	<adj> people	NNP NNPS	<adj> NNS	0.5317073170731708	0.006896551724137931	0.02127659574468085	0.0010327911179963851	0.0010327911179963851	0.0010327911179963851	ewe	0.30000000000000004	1	0	1	0.5317073170731708
	manchu	http://dbpedia.org/ontology/ethnicity	manchu language	1	<adj> language	NN NN	<adj> NN	0.5317073170731708	0.006896551724137931	0.02127659574468085	7.74593338497289E-4	2.581977794990963E-4	2.581977794990963E-4	chu	0.4	1	0	1	0.5317073170731708
	chinese	http://dbpedia.org/ontology/ethnicity	chinese people in burma	5	<adj> people in burma	JJ NNS IN NN	<adj> NNS IN NN	0.5317073170731708	0.006896551724137931	0.02127659574468085	0.01884843790343403	0.0012909888974954814	0.0012909888974954814	ese	0.30434782608695654	1	0	1	0.5317073170731708
	amerasian	http://dbpedia.org/ontology/ethnicity	amerasian	1	<adj>	JJ	<adj>	0.5317073170731708	0.006896551724137931	0.02127659574468085	2.581977794990963E-4	2.581977794990963E-4	2.581977794990963E-4	ian	1.0	1	1	1	0.5317073170731708
	american	http://dbpedia.org/ontology/ethnicity	finnish american	1	finnish <adj>	JJ NNP	JJ <adj>	0.5317073170731708	0.006896551724137931	0.02127659574468085	0.11722179189258973	2.581977794990963E-4	2.581977794990963E-4	can	0.5	0	1	2	0.5317073170731708
	east	http://dbpedia.org/ontology/ethnicity	east africa	1	<adj> africa	NNP NNP	<adj> NNP	0.5317073170731708	0.006896551724137931	0.02127659574468085	2.581977794990963E-4	2.581977794990963E-4	2.581977794990963E-4	ast	0.36363636363636365	1	0	1	0.5317073170731708
	georgian	http://dbpedia.org/ontology/ethnicity	georgian people	3	<adj> people	JJ NNS	<adj> NNS	0.5317073170731708	0.006896551724137931	0.02127659574468085	7.74593338497289E-4	7.74593338497289E-4	7.74593338497289E-4	ian	0.5333333333333333	1	0	1	0.5317073170731708
	romani	http://dbpedia.org/ontology/ethnicity	romani people	2	<adj> people	NNP NNPS	<adj> NNS	0.5317073170731708	0.006896551724137931	0.02127659574468085	5.163955589981926E-4	5.163955589981926E-4	5.163955589981926E-4	ani	0.46153846153846156	1	0	1	0.5317073170731708
	tamil	http://dbpedia.org/ontology/ethnicity	tamil language	2	<adj> language	NNP NN	<adj> NN	0.5317073170731708	0.006896551724137931	0.02127659574468085	0.008004131164471986	5.163955589981926E-4	5.163955589981926E-4	mil	0.3571428571428571	1	0	1	0.5317073170731708
	american	http://dbpedia.org/ontology/ethnicity	scotch-irish american	2	scotch-irish <adj>	JJ NNP	JJ <adj>	0.5317073170731708	0.006896551724137931	0.02127659574468085	0.11722179189258973	5.163955589981926E-4	5.163955589981926E-4	can	0.38095238095238093	0	1	2	0.5317073170731708
	american	http://dbpedia.org/ontology/ethnicity	ukrainian american	2	ukrainian <adj>	JJ NNP	JJ <adj>	0.5317073170731708	0.006896551724137931	0.02127659574468085	0.11722179189258973	5.163955589981926E-4	5.163955589981926E-4	can	0.4444444444444444	0	1	2	0.5317073170731708
	american	http://dbpedia.org/ontology/ethnicity	welsh american	2	welsh <adj>	NNP NNP	NNP <adj>	0.5317073170731708	0.006896551724137931	0.02127659574468085	0.11722179189258973	5.163955589981926E-4	5.163955589981926E-4	can	0.5714285714285714	0	1	2	0.5317073170731708
	latino	http://dbpedia.org/ontology/ethnicity	white hispanic and latino americans	2	white hispanic and <adj> americans	NNP NNP CC NNP NNPS	NNP NNP CC <adj> NNPS	0.5317073170731708	0.006896551724137931	0.02127659574468085	0.0038729666924864447	5.163955589981926E-4	5.163955589981926E-4	ino	0.17142857142857137	0	0	4	0.5317073170731708
	moroccan	http://dbpedia.org/ontology/ethnicity	moroccan jews	2	<adj> jews	NNP NNPS	<adj> NNPS	0.5317073170731708	0.006896551724137931	0.02127659574468085	7.74593338497289E-4	5.163955589981926E-4	5.163955589981926E-4	can	0.6153846153846154	1	0	1	0.5317073170731708
	pakistani	http://dbpedia.org/ontology/ethnicity	pakistani people	10	<adj> people	JJ NNS	<adj> NNS	0.5317073170731708	0.006896551724137931	0.02127659574468085	0.002581977794990963	0.002581977794990963	0.002581977794990963	ani	0.5625	1	0	1	0.5317073170731708
	muslim	http://dbpedia.org/ontology/ethnicity	muslim	3	<adj>	JJ	<adj>	0.5317073170731708	0.006896551724137931	0.02127659574468085	7.74593338497289E-4	7.74593338497289E-4	0.0010327911179963851	lim	1.0	1	1	1	0.5317073170731708
	tamil	http://dbpedia.org/ontology/ethnicity	tamil people	5	<adj> people	JJ NNS	<adj> NNS	0.5317073170731708	0.006896551724137931	0.02127659574468085	0.008004131164471986	0.0012909888974954814	0.007229537825974697	mil	0.41666666666666663	1	0	1	0.5317073170731708
	british	http://dbpedia.org/ontology/ethnicity	british pakistanis	3	<adj> pakistanis	JJ NNPS	<adj> NNPS	0.5317073170731708	0.006896551724137931	0.02127659574468085	0.03563129357087529	7.74593338497289E-4	7.74593338497289E-4	ish	0.38888888888888884	1	0	1	0.5317073170731708
	united	http://dbpedia.org/ontology/ethnicity	puerto ricans in the united states	9	puerto ricans in the <adj> states	NNP NNS IN DT NNP NNPS	NNP NNS IN DT <adj> NNPS	0.5317073170731708	0.006896551724137931	0.02127659574468085	0.007229537825974697	0.0023237800154918666	0.0023237800154918666	ted	0.17647058823529416	0	0	5	0.5317073170731708
	american	http://dbpedia.org/ontology/ethnicity	indonesian american	1	indonesian <adj>	JJ NNP	JJ <adj>	0.5317073170731708	0.006896551724137931	0.02127659574468085	0.11722179189258973	2.581977794990963E-4	2.581977794990963E-4	can	0.42105263157894735	0	1	2	0.5317073170731708
	kashmiri	http://dbpedia.org/ontology/ethnicity	kashmiri pandit	6	<adj> pandit	NNP NNP	<adj> NNP	0.5317073170731708	0.006896551724137931	0.02127659574468085	0.0049057578104828295	0.001549186676994578	0.001549186676994578	iri	0.5333333333333333	1	0	1	0.5317073170731708
	cebuano	http://dbpedia.org/ontology/ethnicity	cebuano people	1	<adj> people	NNP NNPS	<adj> NNS	0.5317073170731708	0.006896551724137931	0.02127659574468085	2.581977794990963E-4	2.581977794990963E-4	2.581977794990963E-4	ano	0.5	1	0	1	0.5317073170731708
	american	http://dbpedia.org/ontology/ethnicity	portuguese american	2	portuguese <adj>	NNP NNP	NN <adj>	0.5317073170731708	0.006896551724137931	0.02127659574468085	0.11722179189258973	5.163955589981926E-4	5.163955589981926E-4	can	0.42105263157894735	0	1	2	0.5317073170731708
	greek	http://dbpedia.org/ontology/ethnicity	list of greek americans	1	list of <adj> americans	NN IN JJ NNPS	NN IN <adj> NNPS	0.5317073170731708	0.006896551724137931	0.02127659574468085	0.0010327911179963851	2.581977794990963E-4	2.581977794990963E-4	eek	0.21739130434782605	0	0	3	0.5317073170731708
	anglo-norman	http://dbpedia.org/ontology/ethnicity	anglo-norman	4	<adj>	NN	<adj>	0.5317073170731708	0.006896551724137931	0.02127659574468085	0.0010327911179963851	0.0010327911179963851	0.0010327911179963851	man	1.0	1	1	1	0.5317073170731708
	district	http://dbpedia.org/ontology/ethnicity	kigezi district	8	kigezi <adj>	NNP NNP	NNP <adj>	0.5317073170731708	0.006896551724137931	0.02127659574468085	0.0020655822359927703	0.0020655822359927703	0.0020655822359927703	ict	0.5333333333333333	0	1	2	0.5317073170731708
	chechen	http://dbpedia.org/ontology/ethnicity	chechen	1	<adj>	NNP	<adj>	0.5317073170731708	0.006896551724137931	0.02127659574468085	2.581977794990963E-4	2.581977794990963E-4	2.581977794990963E-4	hen	1.0	1	1	1	0.5317073170731708
	aboriginal	http://dbpedia.org/ontology/ethnicity	aboriginal australians	10	<adj> australians	JJ NNPS	<adj> NNPS	0.5317073170731708	0.006896551724137931	0.02127659574468085	0.002581977794990963	0.002581977794990963	0.002581977794990963	nal	0.4545454545454546	1	0	1	0.5317073170731708
	chinese	http://dbpedia.org/ontology/ethnicity	overseas chinese	1	overseas <adj>	JJ NNPS	JJ <adj>	0.5317073170731708	0.006896551724137931	0.02127659574468085	0.01884843790343403	2.581977794990963E-4	2.581977794990963E-4	ese	0.4375	0	1	2	0.5317073170731708
	indian	http://dbpedia.org/ontology/ethnicity	non-resident indian and person of indian origin	2	non-resident <adj> and person of <adj> origin	JJ JJ CC NN IN JJ NN	JJ <adj> CC NN IN <adj> NN	0.5317073170731708	0.006896551724137931	0.02127659574468085	0.004389362251484637	5.163955589981926E-4	5.163955589981926E-4	ian	0.12765957446808507	0	0	6	0.5317073170731708
	united	http://dbpedia.org/ontology/ethnicity	united kingdom	1	<adj> kingdom	NNP NNP	<adj> NNP	0.5317073170731708	0.006896551724137931	0.02127659574468085	0.007229537825974697	2.581977794990963E-4	0.0010327911179963851	ted	0.4285714285714286	1	0	1	0.5317073170731708
	rajasthani	http://dbpedia.org/ontology/ethnicity	rajasthani people	3	<adj> people	JJ NNS	<adj> NNS	0.5317073170731708	0.006896551724137931	0.02127659574468085	7.74593338497289E-4	7.74593338497289E-4	7.74593338497289E-4	ani	0.5882352941176471	1	0	1	0.5317073170731708
	country	http://dbpedia.org/ontology/ethnicity	french basque country	2	french basque <adj>	JJ JJ NN	JJ JJ <adj>	0.5317073170731708	0.006896551724137931	0.02127659574468085	7.74593338497289E-4	5.163955589981926E-4	5.163955589981926E-4	try	0.33333333333333337	0	1	3	0.5317073170731708
	baltic	http://dbpedia.org/ontology/ethnicity	baltic germans	1	<adj> germans	JJ NNPS	<adj> NNPS	0.5317073170731708	0.006896551724137931	0.02127659574468085	2.581977794990963E-4	2.581977794990963E-4	2.581977794990963E-4	tic	0.4285714285714286	1	0	1	0.5317073170731708
	sami	http://dbpedia.org/ontology/ethnicity	sami people	4	<adj> people	NNP NNPS	<adj> NNS	0.5317073170731708	0.006896551724137931	0.02127659574468085	0.0010327911179963851	0.0010327911179963851	0.0010327911179963851	ami	0.36363636363636365	1	0	1	0.5317073170731708
	javanese	http://dbpedia.org/ontology/ethnicity	javanese people	4	<adj> people	JJ NNS	<adj> NNS	0.5317073170731708	0.006896551724137931	0.02127659574468085	0.0010327911179963851	0.0010327911179963851	0.0010327911179963851	ese	0.5333333333333333	1	0	1	0.5317073170731708
	korean	http://dbpedia.org/ontology/ethnicity	korean language	1	<adj> language	JJ NN	<adj> NN	0.5317073170731708	0.006896551724137931	0.02127659574468085	2.581977794990963E-4	2.581977794990963E-4	2.581977794990963E-4	ean	0.4	1	0	1	0.5317073170731708
	urdu	http://dbpedia.org/ontology/ethnicity	urdu	1	<adj>	NNP	<adj>	0.5317073170731708	0.006896551724137931	0.02127659574468085	2.581977794990963E-4	2.581977794990963E-4	2.581977794990963E-4	rdu	1.0	1	1	1	0.5317073170731708
	ainu	http://dbpedia.org/ontology/ethnicity	ainu people	1	<adj> people	JJ NNS	<adj> NNS	0.5317073170731708	0.006896551724137931	0.02127659574468085	2.581977794990963E-4	2.581977794990963E-4	2.581977794990963E-4	inu	0.36363636363636365	1	0	1	0.5317073170731708
	australian	http://dbpedia.org/ontology/ethnicity	japanese australian	1	japanese <adj>	JJ JJ	JJ <adj>	0.5317073170731708	0.006896551724137931	0.02127659574468085	0.001549186676994578	2.581977794990963E-4	2.581977794990963E-4	ian	0.5263157894736843	0	1	2	0.5317073170731708
	cornish	http://dbpedia.org/ontology/ethnicity	cornish people	2	<adj> people	NNP NNPS	<adj> NNS	0.5317073170731708	0.006896551724137931	0.02127659574468085	5.163955589981926E-4	5.163955589981926E-4	5.163955589981926E-4	ish	0.5	1	0	1	0.5317073170731708
	sahrawi	http://dbpedia.org/ontology/ethnicity	sahrawi people	12	<adj> people	NNP NNPS	<adj> NNS	0.5317073170731708	0.006896551724137931	0.02127659574468085	0.003098373353989156	0.003098373353989156	0.003098373353989156	awi	0.5	1	0	1	0.5317073170731708
	united	http://dbpedia.org/ontology/ethnicity	demographics of the united states	1	demographics of the <adj> states	NNS IN DT NNP NNPS	NNS IN DT <adj> NNPS	0.5317073170731708	0.006896551724137931	0.02127659574468085	0.007229537825974697	2.581977794990963E-4	2.581977794990963E-4	ted	0.18181818181818177	0	0	4	0.5317073170731708
	mori	http://dbpedia.org/ontology/ethnicity	mori people	2	<adj> people	NNP NNPS	<adj> NNS	0.5317073170731708	0.006896551724137931	0.02127659574468085	5.163955589981926E-4	5.163955589981926E-4	5.163955589981926E-4	ori	0.41666666666666663	1	0	1	0.5317073170731708
	french-speaking	http://dbpedia.org/ontology/ethnicity	french-speaking quebecer	3	<adj> quebecer	JJ NN	<adj> NNP	0.5317073170731708	0.006896551724137931	0.02127659574468085	7.74593338497289E-4	7.74593338497289E-4	7.74593338497289E-4	ing	0.625	1	0	1	0.5317073170731708
	lebanese	http://dbpedia.org/ontology/ethnicity	lebanese people	5	<adj> people	JJ NNS	<adj> NNS	0.5317073170731708	0.006896551724137931	0.02127659574468085	0.001549186676994578	0.0012909888974954814	0.0012909888974954814	ese	0.5333333333333333	1	0	1	0.5317073170731708
	persian	http://dbpedia.org/ontology/ethnicity	persian jews	1	<adj> jews	NNP NNPS	<adj> NNPS	0.5317073170731708	0.006896551724137931	0.02127659574468085	0.0023237800154918666	2.581977794990963E-4	2.581977794990963E-4	ian	0.5833333333333333	1	0	1	0.5317073170731708
	bengali	http://dbpedia.org/ontology/ethnicity	bengali literature	1	<adj> literature	JJ NN	<adj> NN	0.5317073170731708	0.006896551724137931	0.02127659574468085	0.05447973147430932	2.581977794990963E-4	2.581977794990963E-4	ali	0.38888888888888884	1	0	1	0.5317073170731708
	irish	http://dbpedia.org/ontology/ethnicity	irish nationality law	3	<adj> nationality law	JJ NN NN	<adj> NN NN	0.5317073170731708	0.006896551724137931	0.02127659574468085	0.013684482313452104	7.74593338497289E-4	7.74593338497289E-4	ish	0.23809523809523814	1	0	1	0.5317073170731708
	ethnic	http://dbpedia.org/ontology/ethnicity	ethnic groups in indonesia	1	<adj> groups in indonesia	JJ NNS IN NNP	<adj> NNS IN NNP	0.5317073170731708	0.006896551724137931	0.02127659574468085	0.0036147689129873485	2.581977794990963E-4	2.581977794990963E-4	nic	0.23076923076923073	1	0	1	0.5317073170731708
	american	http://dbpedia.org/ontology/ethnicity	cuban american	5	cuban <adj>	NNP NNP	NNP <adj>	0.5317073170731708	0.006896551724137931	0.02127659574468085	0.11722179189258973	0.0012909888974954814	0.0012909888974954814	can	0.5714285714285714	0	1	2	0.5317073170731708
	greenlandic	http://dbpedia.org/ontology/ethnicity	greenlandic	1	<adj>	NNP	<adj>	0.5317073170731708	0.006896551724137931	0.02127659574468085	2.581977794990963E-4	2.581977794990963E-4	2.581977794990963E-4	dic	1.0	1	1	1	0.5317073170731708
	breton	http://dbpedia.org/ontology/ethnicity	breton people	2	<adj> people	NNP NNPS	<adj> NNS	0.5317073170731708	0.006896551724137931	0.02127659574468085	5.163955589981926E-4	5.163955589981926E-4	5.163955589981926E-4	ton	0.46153846153846156	1	0	1	0.5317073170731708
	filipino	http://dbpedia.org/ontology/ethnicity	chinese filipino	3	chinese <adj>	JJ NNP	JJ <adj>	0.5317073170731708	0.006896551724137931	0.02127659574468085	0.006971340046475601	7.74593338497289E-4	7.74593338497289E-4	ino	0.5	0	1	2	0.5317073170731708
	brazilian	http://dbpedia.org/ontology/ethnicity	italian brazilian	5	italian <adj>	JJ JJ	JJ <adj>	0.5317073170731708	0.006896551724137931	0.02127659574468085	0.004131164471985541	0.0012909888974954814	0.0012909888974954814	ian	0.5294117647058824	0	1	2	0.5317073170731708
	manchu	http://dbpedia.org/ontology/ethnicity	manchu people	2	<adj> people	NN NNS	<adj> NNS	0.5317073170731708	0.006896551724137931	0.02127659574468085	7.74593338497289E-4	5.163955589981926E-4	5.163955589981926E-4	chu	0.46153846153846156	1	0	1	0.5317073170731708
	american	http://dbpedia.org/ontology/ethnicity	armenian american	1	armenian <adj>	JJ NNP	JJ <adj>	0.5317073170731708	0.006896551724137931	0.02127659574468085	0.11722179189258973	2.581977794990963E-4	2.581977794990963E-4	can	0.47058823529411764	0	1	2	0.5317073170731708
	american	http://dbpedia.org/ontology/ethnicity	burmese american	1	burmese <adj>	NNP NNP	JJ <adj>	0.5317073170731708	0.006896551724137931	0.02127659574468085	0.11722179189258973	2.581977794990963E-4	2.581977794990963E-4	can	0.5	0	1	2	0.5317073170731708
	crimean	http://dbpedia.org/ontology/ethnicity	crimean tatars	1	<adj> tatars	JJ NNPS	<adj> NNPS	0.5317073170731708	0.006896551724137931	0.02127659574468085	2.581977794990963E-4	2.581977794990963E-4	2.581977794990963E-4	ean	0.5	1	0	1	0.5317073170731708
	american	http://dbpedia.org/ontology/ethnicity	czech american	1	czech <adj>	NNP NNP	NNP <adj>	0.5317073170731708	0.006896551724137931	0.02127659574468085	0.11722179189258973	2.581977794990963E-4	2.581977794990963E-4	can	0.5714285714285714	0	1	2	0.5317073170731708
	american	http://dbpedia.org/ontology/ethnicity	swedish american	1	swedish <adj>	NNP NNP	JJ <adj>	0.5317073170731708	0.006896551724137931	0.02127659574468085	0.11722179189258973	2.581977794990963E-4	2.581977794990963E-4	can	0.5	0	1	2	0.5317073170731708
	welsh	http://dbpedia.org/ontology/ethnicity	welsh language	1	<adj> language	NNP NN	<adj> NN	0.5317073170731708	0.006896551724137931	0.02127659574468085	0.003098373353989156	2.581977794990963E-4	2.581977794990963E-4	lsh	0.3571428571428571	1	0	1	0.5317073170731708
	brazilian	http://dbpedia.org/ontology/ethnicity	portuguese brazilian	3	portuguese <adj>	JJ JJ	NN <adj>	0.5317073170731708	0.006896551724137931	0.02127659574468085	0.004131164471985541	7.74593338497289E-4	7.74593338497289E-4	ian	0.44999999999999996	0	1	2	0.5317073170731708
	canadian	http://dbpedia.org/ontology/ethnicity	english canadian	1	english <adj>	NNP NNP	NNP <adj>	0.5317073170731708	0.006896551724137931	0.02127659574468085	0.002581977794990963	2.581977794990963E-4	2.581977794990963E-4	ian	0.5	0	1	2	0.5317073170731708
	ilocano	http://dbpedia.org/ontology/ethnicity	ilocano people	1	<adj> people	NNP NNPS	<adj> NNS	0.5317073170731708	0.006896551724137931	0.02127659574468085	2.581977794990963E-4	2.581977794990963E-4	2.581977794990963E-4	ano	0.5	1	0	1	0.5317073170731708
	papuan	http://dbpedia.org/ontology/ethnicity	papuan people	1	<adj> people	JJ NNS	<adj> NNS	0.5317073170731708	0.006896551724137931	0.02127659574468085	2.581977794990963E-4	2.581977794990963E-4	2.581977794990963E-4	uan	0.46153846153846156	1	0	1	0.5317073170731708
	anglo-indian	http://dbpedia.org/ontology/ethnicity	anglo-indian	2	<adj>	JJ	<adj>	0.5317073170731708	0.006896551724137931	0.02127659574468085	5.163955589981926E-4	5.163955589981926E-4	5.163955589981926E-4	ian	1.0	1	1	1	0.5317073170731708
	american	http://dbpedia.org/ontology/ethnicity	bangladeshi american	1	bangladeshi <adj>	NNP NNP	NNP <adj>	0.5317073170731708	0.006896551724137931	0.02127659574468085	0.11722179189258973	2.581977794990963E-4	2.581977794990963E-4	can	0.4	0	1	2	0.5317073170731708
	ottoman	http://dbpedia.org/ontology/ethnicity	ottoman greeks	1	<adj> greeks	NNP NNPS	<adj> NNPS	0.5317073170731708	0.006896551724137931	0.02127659574468085	0.0010327911179963851	2.581977794990963E-4	2.581977794990963E-4	man	0.5	1	0	1	0.5317073170731708
	liberian	http://dbpedia.org/ontology/ethnicity	liberian	1	<adj>	NNP	<adj>	0.5317073170731708	0.006896551724137931	0.02127659574468085	2.581977794990963E-4	2.581977794990963E-4	2.581977794990963E-4	ian	1.0	1	1	1	0.5317073170731708
	scots	http://dbpedia.org/ontology/ethnicity	ulster scots people	1	ulster <adj> people	NNP NNP NNPS	NNP <adj> NNPS	0.5317073170731708	0.006896551724137931	0.02127659574468085	2.581977794990963E-4	2.581977794990963E-4	2.581977794990963E-4	ots	0.26315789473684215	0	0	2	0.5317073170731708
	ethnic	http://dbpedia.org/ontology/ethnicity	ethnic malays	3	<adj> malays	JJ NNP	<adj> NNP	0.5317073170731708	0.006896551724137931	0.02127659574468085	0.0036147689129873485	7.74593338497289E-4	7.74593338497289E-4	nic	0.46153846153846156	1	0	1	0.5317073170731708
	american	http://dbpedia.org/ontology/ethnicity	thai american	1	thai <adj>	NNP NNP	NNP <adj>	0.5317073170731708	0.006896551724137931	0.02127659574468085	0.11722179189258973	2.581977794990963E-4	2.581977794990963E-4	can	0.6153846153846154	0	1	2	0.5317073170731708
	american	http://dbpedia.org/ontology/ethnicity	danish american	2	danish <adj>	JJ NNP	JJ <adj>	0.5317073170731708	0.006896551724137931	0.02127659574468085	0.11722179189258973	5.163955589981926E-4	5.163955589981926E-4	can	0.5333333333333333	0	1	2	0.5317073170731708
	democratic	http://dbpedia.org/ontology/ethnicity	democratic republic of the congo	1	<adj> republic of the congo	JJ NN IN DT NNP	<adj> NNP IN DT NNP	0.5317073170731708	0.006896551724137931	0.02127659574468085	2.581977794990963E-4	2.581977794990963E-4	2.581977794990963E-4	tic	0.3125	1	0	1	0.5317073170731708
	greek	http://dbpedia.org/ontology/ethnicity	greek language	1	<adj> language	JJ NN	<adj> NN	0.5317073170731708	0.006896551724137931	0.02127659574468085	0.0010327911179963851	2.581977794990963E-4	2.581977794990963E-4	eek	0.3571428571428571	1	0	1	0.5317073170731708
	native	http://dbpedia.org/ontology/ethnicity	native hawaiians	3	<adj> hawaiians	JJ NNPS	<adj> NNPS	0.5317073170731708	0.006896551724137931	0.02127659574468085	7.74593338497289E-4	7.74593338497289E-4	7.74593338497289E-4	ive	0.375	1	0	1	0.5317073170731708
	australian	http://dbpedia.org/ontology/ethnicity	thai australian	1	thai <adj>	NNP NNP	NNP <adj>	0.5317073170731708	0.006896551724137931	0.02127659574468085	0.001549186676994578	2.581977794990963E-4	2.581977794990963E-4	ian	0.6666666666666667	0	1	2	0.5317073170731708
	australian	http://dbpedia.org/ontology/ethnicity	white australian	1	white <adj>	NNP NNP	JJ <adj>	0.5317073170731708	0.006896551724137931	0.02127659574468085	0.001549186676994578	2.581977794990963E-4	2.581977794990963E-4	ian	0.625	0	1	2	0.5317073170731708
	gibraltarian	http://dbpedia.org/ontology/ethnicity	gibraltarian people	3	<adj> people	JJ NNS	<adj> NNS	0.5317073170731708	0.006896551724137931	0.02127659574468085	7.74593338497289E-4	7.74593338497289E-4	7.74593338497289E-4	ian	0.631578947368421	1	0	1	0.5317073170731708
	venezuelan	http://dbpedia.org/ontology/ethnicity	venezuelan people	2	<adj> people	JJ NNS	<adj> NNS	0.5317073170731708	0.006896551724137931	0.02127659574468085	5.163955589981926E-4	5.163955589981926E-4	5.163955589981926E-4	lan	0.5882352941176471	1	0	1	0.5317073170731708
	european	http://dbpedia.org/ontology/ethnicity	argentines of european descent	2	argentines of <adj> descent	NNS IN JJ NN	NNS IN <adj> NN	0.5317073170731708	0.006896551724137931	0.02127659574468085	0.001549186676994578	5.163955589981926E-4	5.163955589981926E-4	ean	0.2666666666666667	0	0	3	0.5317073170731708
	australian	http://dbpedia.org/ontology/ethnicity	serbian australian	1	serbian <adj>	JJ JJ	JJ <adj>	0.5317073170731708	0.006896551724137931	0.02127659574468085	0.001549186676994578	2.581977794990963E-4	2.581977794990963E-4	ian	0.5555555555555556	0	1	2	0.5317073170731708
	chewa	http://dbpedia.org/ontology/ethnicity	chewa language	1	<adj> language	NNP NN	<adj> NN	0.5317073170731708	0.006896551724137931	0.02127659574468085	2.581977794990963E-4	2.581977794990963E-4	2.581977794990963E-4	ewa	0.3571428571428571	1	0	1	0.5317073170731708
	afro-caribbean	http://dbpedia.org/ontology/ethnicity	afro-caribbean	1	<adj>	JJ	<adj>	0.5317073170731708	0.006896551724137931	0.02127659574468085	2.581977794990963E-4	2.581977794990963E-4	2.581977794990963E-4	ean	1.0	1	1	1	0.5317073170731708
	sikh	http://dbpedia.org/ontology/ethnicity	jatt sikh	2	jatt <adj>	NNP NNP	NNP <adj>	0.5317073170731708	0.006896551724137931	0.02127659574468085	5.163955589981926E-4	5.163955589981926E-4	5.163955589981926E-4	ikh	0.4444444444444444	0	1	2	0.5317073170731708
	russian	http://dbpedia.org/ontology/ethnicity	german russian	1	german <adj>	JJ JJ	JJ <adj>	0.5317073170731708	0.006896551724137931	0.02127659574468085	5.163955589981926E-4	2.581977794990963E-4	2.581977794990963E-4	ian	0.5	0	1	2	0.5317073170731708
	rigvedic	http://dbpedia.org/ontology/ethnicity	list of rigvedic tribes	1	list of <adj> tribes	NN IN JJ NNS	NN IN <adj> NNS	0.5317073170731708	0.006896551724137931	0.02127659574468085	2.581977794990963E-4	2.581977794990963E-4	2.581977794990963E-4	dic	0.34782608695652173	0	0	3	0.5317073170731708
	pangasinan	http://dbpedia.org/ontology/ethnicity	pangasinan	1	<adj>	NNP	<adj>	0.5317073170731708	0.006896551724137931	0.02127659574468085	2.581977794990963E-4	2.581977794990963E-4	2.581977794990963E-4	nan	1.0	1	1	1	0.5317073170731708
	american	http://dbpedia.org/ontology/ethnicity	french american	1	french <adj>	NNP NNP	JJ <adj>	0.5317073170731708	0.006896551724137931	0.02127659574468085	0.11722179189258973	2.581977794990963E-4	2.581977794990963E-4	can	0.5333333333333333	0	1	2	0.5317073170731708
	black	http://dbpedia.org/ontology/ethnicity	black	1	<adj>	JJ	<adj>	0.5317073170731708	0.006896551724137931	0.02127659574468085	0.0010327911179963851	2.581977794990963E-4	0.003356571133488252	ack	1.0	1	1	1	0.5317073170731708
	greek	http://dbpedia.org/ontology/ethnicity	greek cuisine	1	<adj> cuisine	JJ NN	<adj> NN	0.5317073170731708	0.006896551724137931	0.02127659574468085	0.0010327911179963851	2.581977794990963E-4	2.581977794990963E-4	eek	0.3846153846153846	1	0	1	0.5317073170731708
	latin	http://dbpedia.org/ontology/ethnicity	latin	4	<adj>	NNP	<adj>	0.5317073170731708	0.006896551724137931	0.02127659574468085	0.0010327911179963851	0.0010327911179963851	0.005680351148980119	tin	1.0	1	1	1	0.5317073170731708
	turkmen	http://dbpedia.org/ontology/ethnicity	turkmen language	1	<adj> language	JJ NN	<adj> NN	0.5317073170731708	0.006896551724137931	0.02127659574468085	2.581977794990963E-4	2.581977794990963E-4	2.581977794990963E-4	men	0.4375	1	0	1	0.5317073170731708
	vietnamese	http://dbpedia.org/ontology/ethnicity	vietnamese language	1	<adj> language	JJ NN	<adj> NN	0.5317073170731708	0.006896551724137931	0.02127659574468085	0.0012909888974954814	2.581977794990963E-4	2.581977794990963E-4	ese	0.5263157894736843	1	0	1	0.5317073170731708
	american	http://dbpedia.org/ontology/ethnicity	scandinavian american	1	scandinavian <adj>	NNP NNP	JJ <adj>	0.5317073170731708	0.006896551724137931	0.02127659574468085	0.11722179189258973	2.581977794990963E-4	2.581977794990963E-4	can	0.38095238095238093	0	1	2	0.5317073170731708
	american	http://dbpedia.org/ontology/ethnicity	ecuadorian american	1	ecuadorian <adj>	JJ NNP	JJ <adj>	0.5317073170731708	0.006896551724137931	0.02127659574468085	0.11722179189258973	2.581977794990963E-4	2.581977794990963E-4	can	0.42105263157894735	0	1	2	0.5317073170731708
	abenaki	http://dbpedia.org/ontology/ethnicity	abenaki people	1	<adj> people	JJ NNS	<adj> NNS	0.5317073170731708	0.006896551724137931	0.02127659574468085	2.581977794990963E-4	2.581977794990963E-4	2.581977794990963E-4	aki	0.5	1	0	1	0.5317073170731708
	choctaw	http://dbpedia.org/ontology/ethnicity	choctaw	1	<adj>	NNP	<adj>	0.5317073170731708	0.006896551724137931	0.02127659574468085	2.581977794990963E-4	2.581977794990963E-4	2.581977794990963E-4	taw	1.0	1	1	1	0.5317073170731708
	gujarati	http://dbpedia.org/ontology/ethnicity	gujarati muslims	1	<adj> muslims	NNP NNPS	<adj> NNPS	0.5317073170731708	0.006896551724137931	0.02127659574468085	0.0018073844564936742	2.581977794990963E-4	2.581977794990963E-4	ati	0.5	1	0	1	0.5317073170731708
	iranian	http://dbpedia.org/ontology/ethnicity	iranian azerbaijanis	1	<adj> azerbaijanis	JJ NNPS	<adj> NNPS	0.5317073170731708	0.006896551724137931	0.02127659574468085	0.001549186676994578	2.581977794990963E-4	2.581977794990963E-4	ian	0.35	1	0	1	0.5317073170731708
	red	http://dbpedia.org/ontology/ethnicity	red karen	1	<adj> karen	JJ NNP	<adj> NNP	0.5317073170731708	0.006896551724137931	0.02127659574468085	2.581977794990963E-4	2.581977794990963E-4	2.581977794990963E-4	red	0.33333333333333337	1	0	1	0.5317073170731708
	indo-aryan	http://dbpedia.org/ontology/ethnicity	indo-aryan peoples	1	<adj> peoples	JJ NNS	<adj> NNPS	0.5317073170731708	0.006896551724137931	0.02127659574468085	2.581977794990963E-4	2.581977794990963E-4	2.581977794990963E-4	yan	0.5555555555555556	1	0	1	0.5317073170731708
	hawaiian	http://dbpedia.org/ontology/ethnicity	hawaiian	1	<adj>	JJ	<adj>	0.5317073170731708	0.006896551724137931	0.02127659574468085	2.581977794990963E-4	2.581977794990963E-4	0.0010327911179963851	ian	1.0	1	1	1	0.5317073170731708
	american	http://dbpedia.org/ontology/ethnicity	american ethnicity	1	<adj> ethnicity	NNP NNP	<adj> NN	0.5317073170731708	0.006896551724137931	0.02127659574468085	0.11722179189258973	2.581977794990963E-4	2.581977794990963E-4	can	0.4444444444444444	1	0	1	0.5317073170731708
	chamorro	http://dbpedia.org/ontology/ethnicity	chamorro people	1	<adj> people	NNP NNPS	<adj> NNS	0.5317073170731708	0.006896551724137931	0.02127659574468085	2.581977794990963E-4	2.581977794990963E-4	2.581977794990963E-4	rro	0.5333333333333333	1	0	1	0.5317073170731708
	american	http://dbpedia.org/ontology/ethnicity	peruvian american	1	peruvian <adj>	JJ NNP	JJ <adj>	0.5317073170731708	0.006896551724137931	0.02127659574468085	0.11722179189258973	2.581977794990963E-4	2.581977794990963E-4	can	0.47058823529411764	0	1	2	0.5317073170731708
	american	http://dbpedia.org/ontology/ethnicity	white latin american	2	white latin <adj>	NNP NNP NNP	NNP NNP <adj>	0.5317073170731708	0.006896551724137931	0.02127659574468085	0.11722179189258973	5.163955589981926E-4	5.163955589981926E-4	can	0.4	0	1	3	0.5317073170731708
	american	http://dbpedia.org/ontology/ethnicity	israeli american	1	israeli <adj>	NNP NNP	JJ <adj>	0.5317073170731708	0.006896551724137931	0.02127659574468085	0.11722179189258973	2.581977794990963E-4	2.581977794990963E-4	can	0.5	0	1	2	0.5317073170731708
	african	http://dbpedia.org/ontology/ethnicity	african immigration to france	1	<adj> immigration to france	JJ NN TO NNP	<adj> NNP TO NNP	0.5317073170731708	0.006896551724137931	0.02127659574468085	2.581977794990963E-4	2.581977794990963E-4	2.581977794990963E-4	can	0.24137931034482762	1	0	1	0.5317073170731708
	american	http://dbpedia.org/ontology/ethnicity	taiwanese american	2	taiwanese <adj>	JJ NNP	JJ <adj>	0.5317073170731708	0.006896551724137931	0.02127659574468085	0.11722179189258973	5.163955589981926E-4	5.163955589981926E-4	can	0.4444444444444444	0	1	2	0.5317073170731708
	american	http://dbpedia.org/ontology/ethnicity	bahamian american	1	bahamian <adj>	JJ NNP	JJ <adj>	0.5317073170731708	0.006896551724137931	0.02127659574468085	0.11722179189258973	2.581977794990963E-4	2.581977794990963E-4	can	0.47058823529411764	0	1	2	0.5317073170731708
	american	http://dbpedia.org/ontology/ethnicity	samoan american	1	samoan <adj>	NNP NNP	JJ <adj>	0.5317073170731708	0.006896551724137931	0.02127659574468085	0.11722179189258973	2.581977794990963E-4	2.581977794990963E-4	can	0.5333333333333333	0	1	2	0.5317073170731708
	german	http://dbpedia.org/ontology/ethnicity	canadians of german ethnicity	1	canadians of <adj> ethnicity	NNPS IN JJ NN	NNPS IN <adj> NN	0.5317073170731708	0.006896551724137931	0.02127659574468085	7.74593338497289E-4	2.581977794990963E-4	2.581977794990963E-4	man	0.2068965517241379	0	0	3	0.5317073170731708
	dominican	http://dbpedia.org/ontology/ethnicity	dominican people	1	<adj> people	JJ NNS	<adj> NNS	0.5317073170731708	0.006896551724137931	0.02127659574468085	2.581977794990963E-4	2.581977794990963E-4	2.581977794990963E-4	can	0.5625	1	0	1	0.5317073170731708
	italian	http://dbpedia.org/ontology/ethnicity	filipino italian	1	filipino <adj>	NNP NNP	NNP <adj>	0.5317073170731708	0.006896551724137931	0.02127659574468085	5.163955589981926E-4	2.581977794990963E-4	2.581977794990963E-4	ian	0.4375	0	1	2	0.5317073170731708
	american	http://dbpedia.org/ontology/ethnicity	afro-latin american	1	afro-latin <adj>	JJ NNP	JJ <adj>	0.5317073170731708	0.006896551724137931	0.02127659574468085	0.11722179189258973	2.581977794990963E-4	2.581977794990963E-4	can	0.42105263157894735	0	1	2	0.5317073170731708
	armenian	http://dbpedia.org/ontology/ethnicity	armenian language	1	<adj> language	JJ NN	<adj> NN	0.5317073170731708	0.006896551724137931	0.02127659574468085	5.163955589981926E-4	2.581977794990963E-4	2.581977794990963E-4	ian	0.47058823529411764	1	0	1	0.5317073170731708
	bantu	http://dbpedia.org/ontology/ethnicity	bantu peoples	1	<adj> peoples	NNP NNPS	<adj> NNPS	0.5317073170731708	0.006896551724137931	0.02127659574468085	2.581977794990963E-4	2.581977794990963E-4	2.581977794990963E-4	ntu	0.3846153846153846	1	0	1	0.5317073170731708
	uzbek	http://dbpedia.org/ontology/ethnicity	uzbek	1	<adj>	NNP	<adj>	0.5317073170731708	0.006896551724137931	0.02127659574468085	2.581977794990963E-4	2.581977794990963E-4	7.74593338497289E-4	bek	1.0	1	1	1	0.5317073170731708
	canadian	http://dbpedia.org/ontology/ethnicity	chinese canadian	1	chinese <adj>	NNP NNP	JJ <adj>	0.5317073170731708	0.006896551724137931	0.02127659574468085	0.002581977794990963	2.581977794990963E-4	2.581977794990963E-4	ian	0.5	0	1	2	0.5317073170731708
	balinese	http://dbpedia.org/ontology/ethnicity	balinese people	1	<adj> people	JJ NNS	<adj> NNS	0.5317073170731708	0.006896551724137931	0.02127659574468085	5.163955589981926E-4	2.581977794990963E-4	2.581977794990963E-4	ese	0.5333333333333333	1	0	1	0.5317073170731708
	moroccan	http://dbpedia.org/ontology/ethnicity	moroccan people	1	<adj> people	JJ NNS	<adj> NNS	0.5317073170731708	0.006896551724137931	0.02127659574468085	7.74593338497289E-4	2.581977794990963E-4	2.581977794990963E-4	can	0.5333333333333333	1	0	1	0.5317073170731708
	canadian	http://dbpedia.org/ontology/ethnicity	vietnamese canadian	1	vietnamese <adj>	JJ JJ	JJ <adj>	0.5317073170731708	0.006896551724137931	0.02127659574468085	0.002581977794990963	2.581977794990963E-4	2.581977794990963E-4	ian	0.42105263157894735	0	1	2	0.5317073170731708
	singaporean	http://dbpedia.org/ontology/ethnicity	singaporean nationality law	1	<adj> nationality law	JJ NN NN	<adj> NN NN	0.5317073170731708	0.006896551724137931	0.02127659574468085	5.163955589981926E-4	2.581977794990963E-4	2.581977794990963E-4	ean	0.40740740740740744	1	0	1	0.5317073170731708
	grenadian	http://dbpedia.org/ontology/ethnicity	grenadian trinbagonian	1	<adj> trinbagonian	JJ NN	<adj> NN	0.5317073170731708	0.006896551724137931	0.02127659574468085	2.581977794990963E-4	2.581977794990963E-4	2.581977794990963E-4	ian	0.40909090909090906	1	0	1	0.5317073170731708
	american	http://dbpedia.org/ontology/ethnicity	canadian american	1	canadian <adj>	JJ NNP	JJ <adj>	0.5317073170731708	0.006896551724137931	0.02127659574468085	0.11722179189258973	2.581977794990963E-4	2.581977794990963E-4	can	0.47058823529411764	0	1	2	0.5317073170731708
	pitjantjatjara	http://dbpedia.org/ontology/ethnicity	pitjantjatjara people	4	<adj> people	NN NNS	<adj> NNS	0.5317073170731708	0.006896551724137931	0.02127659574468085	0.0010327911179963851	0.0010327911179963851	0.0010327911179963851	ara	0.6666666666666667	1	0	1	0.5317073170731708
	afro-cuban	http://dbpedia.org/ontology/ethnicity	afro-cuban	1	<adj>	JJ	<adj>	0.5317073170731708	0.006896551724137931	0.02127659574468085	2.581977794990963E-4	2.581977794990963E-4	2.581977794990963E-4	ban	1.0	1	1	1	0.5317073170731708
	tamil	http://dbpedia.org/ontology/ethnicity	tamil script	1	<adj> script	NNP NN	<adj> NN	0.5317073170731708	0.006896551724137931	0.02127659574468085	0.008004131164471986	2.581977794990963E-4	2.581977794990963E-4	mil	0.41666666666666663	1	0	1	0.5317073170731708
	chinese	http://dbpedia.org/ontology/ethnicity	thai chinese	1	thai <adj>	NNP NNP	NNP <adj>	0.5317073170731708	0.006896551724137931	0.02127659574468085	0.01884843790343403	2.581977794990963E-4	2.581977794990963E-4	ese	0.5833333333333333	0	1	2	0.5317073170731708
	kabyle	http://dbpedia.org/ontology/ethnicity	kabyle people	1	<adj> people	JJ NNS	<adj> NNS	0.5317073170731708	0.006896551724137931	0.02127659574468085	2.581977794990963E-4	2.581977794990963E-4	2.581977794990963E-4	yle	0.46153846153846156	1	0	1	0.5317073170731708
	lebanese	http://dbpedia.org/ontology/ethnicity	lebanese immigration to mexico	1	<adj> immigration to mexico	JJ NN TO NNP	<adj> NNP TO NNP	0.5317073170731708	0.006896551724137931	0.02127659574468085	0.001549186676994578	2.581977794990963E-4	2.581977794990963E-4	ese	0.2666666666666667	1	0	1	0.5317073170731708
	syrian	http://dbpedia.org/ontology/ethnicity	syrian people	1	<adj> people	JJ NNS	<adj> NNS	0.5317073170731708	0.006896551724137931	0.02127659574468085	2.581977794990963E-4	2.581977794990963E-4	0.0012909888974954814	ian	0.46153846153846156	1	0	1	0.5317073170731708
	gujarati	http://dbpedia.org/ontology/ethnicity	gujarati	1	<adj>	NNP	<adj>	0.5317073170731708	0.006896551724137931	0.02127659574468085	0.0018073844564936742	2.581977794990963E-4	0.0018073844564936742	ati	1.0	1	1	1	0.5317073170731708
	australian	http://dbpedia.org/ontology/ethnicity	dutch australian	1	dutch <adj>	NNP NNP	NNP <adj>	0.5317073170731708	0.006896551724137931	0.02127659574468085	0.001549186676994578	2.581977794990963E-4	2.581977794990963E-4	ian	0.625	0	1	2	0.5317073170731708
	guyanese	http://dbpedia.org/ontology/ethnicity	guyanese people	1	<adj> people	JJ NNS	<adj> NNS	0.5317073170731708	0.006896551724137931	0.02127659574468085	2.581977794990963E-4	2.581977794990963E-4	2.581977794990963E-4	ese	0.5333333333333333	1	0	1	0.5317073170731708
	rican	http://dbpedia.org/ontology/ethnicity	puerto rican citizenship	1	puerto <adj> citizenship	NNP NNP NN	NNP <adj> NN	0.5317073170731708	0.006896551724137931	0.02127659574468085	0.0049057578104828295	2.581977794990963E-4	2.581977794990963E-4	can	0.20833333333333337	0	0	2	0.5317073170731708
	chinese	http://dbpedia.org/ontology/ethnicity	russian chinese	1	russian <adj>	NNP NNP	NNP <adj>	0.5317073170731708	0.006896551724137931	0.02127659574468085	0.01884843790343403	2.581977794990963E-4	2.581977794990963E-4	ese	0.4666666666666667	0	1	2	0.5317073170731708
	palestinian	http://dbpedia.org/ontology/ethnicity	palestinian	1	<adj>	NNP	<adj>	0.5317073170731708	0.006896551724137931	0.02127659574468085	0.0018073844564936742	2.581977794990963E-4	0.0020655822359927703	ian	1.0	1	1	1	0.5317073170731708
	american	http://dbpedia.org/ontology/ethnicity	british american	2	british <adj>	NNP NNP	JJ <adj>	0.5317073170731708	0.006896551724137931	0.02127659574468085	0.11722179189258973	5.163955589981926E-4	5.163955589981926E-4	can	0.5	0	1	2	0.5317073170731708
	arawak	http://dbpedia.org/ontology/ethnicity	arawak peoples	1	<adj> peoples	NNP NNPS	<adj> NNPS	0.5317073170731708	0.006896551724137931	0.02127659574468085	2.581977794990963E-4	2.581977794990963E-4	2.581977794990963E-4	wak	0.4285714285714286	1	0	1	0.5317073170731708
	fon	http://dbpedia.org/ontology/ethnicity	fon people	1	<adj> people	NNP NNPS	<adj> NNS	0.5317073170731708	0.006896551724137931	0.02127659574468085	2.581977794990963E-4	2.581977794990963E-4	2.581977794990963E-4	fon	0.30000000000000004	1	0	1	0.5317073170731708
	canarian	http://dbpedia.org/ontology/ethnicity	canarian people	1	<adj> people	JJ NNS	<adj> NNS	0.5317073170731708	0.006896551724137931	0.02127659574468085	2.581977794990963E-4	2.581977794990963E-4	2.581977794990963E-4	ian	0.5333333333333333	1	0	1	0.5317073170731708
	bolivian	http://dbpedia.org/ontology/ethnicity	bolivian people	1	<adj> people	JJ NNS	<adj> NNS	0.5317073170731708	0.006896551724137931	0.02127659574468085	2.581977794990963E-4	2.581977794990963E-4	2.581977794990963E-4	ian	0.5333333333333333	1	0	1	0.5317073170731708
	chilean	http://dbpedia.org/ontology/ethnicity	german chilean	1	german <adj>	JJ JJ	JJ <adj>	0.5317073170731708	0.006896551724137931	0.02127659574468085	5.163955589981926E-4	2.581977794990963E-4	2.581977794990963E-4	ean	0.5	0	1	2	0.5317073170731708
	tlingit	http://dbpedia.org/ontology/ethnicity	tlingit people	1	<adj> people	JJ NNS	<adj> NNS	0.5317073170731708	0.006896551724137931	0.02127659574468085	2.581977794990963E-4	2.581977794990963E-4	2.581977794990963E-4	git	0.5	1	0	1	0.5317073170731708
	american	http://dbpedia.org/ontology/ethnicity	bengali american	1	bengali <adj>	NNP NNP	NNP <adj>	0.5317073170731708	0.006896551724137931	0.02127659574468085	0.11722179189258973	2.581977794990963E-4	2.581977794990963E-4	can	0.5	0	1	2	0.5317073170731708
	peruvian	http://dbpedia.org/ontology/ethnicity	peruvian people	1	<adj> people	JJ NNS	<adj> NNS	0.5317073170731708	0.006896551724137931	0.02127659574468085	2.581977794990963E-4	2.581977794990963E-4	2.581977794990963E-4	ian	0.5333333333333333	1	0	1	0.5317073170731708
	chinese	http://dbpedia.org/ontology/ethnicity	malaysian chinese	1	malaysian <adj>	JJ JJ	JJ <adj>	0.5317073170731708	0.006896551724137931	0.02127659574468085	0.01884843790343403	2.581977794990963E-4	2.581977794990963E-4	ese	0.4117647058823529	0	1	2	0.5317073170731708
	armenian	http://dbpedia.org/ontology/ethnicity	armenian	1	<adj>	JJ	<adj>	0.5317073170731708	0.006896551724137931	0.02127659574468085	5.163955589981926E-4	2.581977794990963E-4	0.009295120061967466	ian	1.0	1	1	1	0.5317073170731708
	ottoman	http://dbpedia.org/ontology/ethnicity	ottoman turks	1	<adj> turks	NNP NNPS	<adj> NNPS	0.5317073170731708	0.006896551724137931	0.02127659574468085	0.0010327911179963851	2.581977794990963E-4	2.581977794990963E-4	man	0.5384615384615384	1	0	1	0.5317073170731708
	american	http://dbpedia.org/ontology/ethnicity	lebanese american	1	lebanese <adj>	JJ NNP	JJ <adj>	0.5317073170731708	0.006896551724137931	0.02127659574468085	0.11722179189258973	2.581977794990963E-4	2.581977794990963E-4	can	0.47058823529411764	0	1	2	0.5317073170731708
	akan	http://dbpedia.org/ontology/ethnicity	akan people	1	<adj> people	JJ NNS	<adj> NNS	0.5317073170731708	0.006896551724137931	0.02127659574468085	2.581977794990963E-4	2.581977794990963E-4	2.581977794990963E-4	kan	0.36363636363636365	1	0	1	0.5317073170731708
	american	http://dbpedia.org/ontology/ethnicity	spanish american	1	spanish <adj>	NNP NNP	NNP <adj>	0.5317073170731708	0.006896551724137931	0.02127659574468085	0.11722179189258973	2.581977794990963E-4	2.581977794990963E-4	can	0.5	0	1	2	0.5317073170731708
	brazilian	http://dbpedia.org/ontology/ethnicity	white brazilian	2	white <adj>	JJ JJ	JJ <adj>	0.5317073170731708	0.006896551724137931	0.02127659574468085	0.004131164471985541	5.163955589981926E-4	5.163955589981926E-4	ian	0.6	0	1	2	0.5317073170731708
	greek	http://dbpedia.org/ontology/ethnicity	greek alphabet	1	<adj> alphabet	JJ NN	<adj> NN	0.5317073170731708	0.006896551724137931	0.02127659574468085	0.0010327911179963851	2.581977794990963E-4	2.581977794990963E-4	eek	0.3571428571428571	1	0	1	0.5317073170731708
	canadian	http://dbpedia.org/ontology/ethnicity	european canadian	1	european <adj>	JJ NNP	JJ <adj>	0.5317073170731708	0.006896551724137931	0.02127659574468085	0.002581977794990963	2.581977794990963E-4	2.581977794990963E-4	ian	0.47058823529411764	0	1	2	0.5317073170731708
