	direct	http://dbpedia.org/ontology/operatedBy	direct rail services	3	<adj> rail services	JJ NN NNS	<adj> NNP NNPS	0.41335044929396664	0.003436426116838488	0.00819672131147541	3.0959752321981426E-4	3.0959752321981426E-4	3.0959752321981426E-4	ect	0.30000000000000004	1	0	1	0.41335044929396664
	east	http://dbpedia.org/ontology/operatedBy	east japan railway company	747	<adj> japan railway company	NNP NNP NNP NN	<adj> NNP NNP NN	0.41335044929396664	0.003436426116838488	0.00819672131147541	0.08937048503611972	0.07708978328173374	0.07708978328173374	ast	0.15384615384615385	1	0	1	0.41335044929396664
	overground	http://dbpedia.org/ontology/operatedBy	london overground	63	london <adj>	NNP JJ	NNP <adj>	0.41335044929396664	0.003436426116838488	0.00819672131147541	0.006604747162022704	0.006501547987616099	0.006604747162022704	und	0.5882352941176471	0	1	2	0.41335044929396664
	slovenian	http://dbpedia.org/ontology/operatedBy	slovenian railways	1	<adj> railways	JJ NNS	<adj> NNS	0.41335044929396664	0.003436426116838488	0.00819672131147541	1.0319917440660474E-4	1.0319917440660474E-4	1.0319917440660474E-4	ian	0.5	1	0	1	0.41335044929396664
	high-speed	http://dbpedia.org/ontology/operatedBy	china railway high-speed	38	china railway <adj>	NNP NNP JJ	NNP NNP <adj>	0.41335044929396664	0.003436426116838488	0.00819672131147541	0.00392156862745098	0.00392156862745098	0.00392156862745098	eed	0.41666666666666663	0	1	3	0.41335044929396664
	capital	http://dbpedia.org/ontology/operatedBy	first capital connect	86	first <adj> connect	JJ NN VB	RB <adj> VB	0.41335044929396664	0.003436426116838488	0.00819672131147541	0.008978328173374612	0.008875128998968008	0.008875128998968008	tal	0.33333333333333337	0	0	2	0.41335044929396664
	western	http://dbpedia.org/ontology/operatedBy	first great western	233	first great <adj>	RB NNP NNP	RB JJ <adj>	0.41335044929396664	0.003436426116838488	0.00819672131147541	0.051393188854489166	0.024045407636738906	0.024045407636738906	ern	0.368421052631579	0	1	3	0.41335044929396664
	first	http://dbpedia.org/ontology/operatedBy	first hull trains	2	<adj> hull trains	JJ NNP NNS	<adj> NNP NNS	0.41335044929396664	0.003436426116838488	0.00819672131147541	0.03952528379772962	2.063983488132095E-4	2.063983488132095E-4	rst	0.2941176470588235	1	0	1	0.41335044929396664
	express	http://dbpedia.org/ontology/operatedBy	first transpennine express	40	first transpennine <adj>	JJ NNP NNP	JJ NN <adj>	0.41335044929396664	0.003436426116838488	0.00819672131147541	0.006501547987616099	0.0041279669762641896	0.0041279669762641896	ess	0.2692307692307693	0	1	3	0.41335044929396664
	long	http://dbpedia.org/ontology/operatedBy	long island rail road	9	<adj> island rail road	JJ NN NN NN	<adj> NNP NN NN	0.41335044929396664	0.003436426116838488	0.00819672131147541	0.0010319917440660474	9.287925696594427E-4	9.287925696594427E-4	ong	0.19047619047619047	1	0	1	0.41335044929396664
	metropolitan	http://dbpedia.org/ontology/operatedBy	metropolitan transit authority of harris county	3	<adj> transit authority of harris county	NNP NNP NNP IN NNP NNP	<adj> NNP NNP IN NNP NNP	0.41335044929396664	0.003436426116838488	0.00819672131147541	0.01042311661506708	3.0959752321981426E-4	3.0959752321981426E-4	tan	0.25531914893617025	1	0	1	0.41335044929396664
	northern	http://dbpedia.org/ontology/operatedBy	northern rail	481	<adj> rail	NNP NNP	<adj> NNP	0.41335044929396664	0.003436426116838488	0.00819672131147541	0.05376676986584107	0.04963880288957688	0.0499484004127967	ern	0.6153846153846154	1	0	1	0.41335044929396664
	southern	http://dbpedia.org/ontology/operatedBy	regional transportation commission of southern nevada	1	regional transportation commission of <adj> nevada	JJ NNP NNP IN NNP NNP	JJ NNP NNP IN <adj> NNP	0.41335044929396664	0.003436426116838488	0.00819672131147541	9.287925696594427E-4	1.0319917440660474E-4	1.0319917440660474E-4	ern	0.15094339622641506	0	0	5	0.41335044929396664
	croatian	http://dbpedia.org/ontology/operatedBy	croatian railways	2	<adj> railways	NNP NNS	<adj> NNS	0.41335044929396664	0.003436426116838488	0.00819672131147541	2.063983488132095E-4	2.063983488132095E-4	2.063983488132095E-4	ian	0.47058823529411764	1	0	1	0.41335044929396664
	greater	http://dbpedia.org/ontology/operatedBy	greater anglia	180	<adj> anglia	JJR NNP	<adj> NNP	0.41335044929396664	0.003436426116838488	0.00819672131147541	0.01867905056759546	0.018575851393188854	0.018575851393188854	ter	0.5	1	0	1	0.41335044929396664
	underground	http://dbpedia.org/ontology/operatedBy	london underground	257	london <adj>	NNP NN	NNP <adj>	0.41335044929396664	0.003436426116838488	0.00819672131147541	0.02652218782249742	0.02652218782249742	0.02652218782249742	und	0.6111111111111112	0	1	2	0.41335044929396664
	municipal	http://dbpedia.org/ontology/operatedBy	osaka municipal transportation bureau	9	osaka <adj> transportation bureau	NNP NNP NNP NNP	NNP <adj> NNP NNP	0.41335044929396664	0.003436426116838488	0.00819672131147541	0.015170278637770897	9.287925696594427E-4	9.287925696594427E-4	pal	0.2432432432432432	0	0	2	0.41335044929396664
	central	http://dbpedia.org/ontology/operatedBy	grand central railway	2	grand <adj> railway	NNP NNP NNP	NNP <adj> NNP	0.41335044929396664	0.003436426116838488	0.00819672131147541	0.03632610939112487	2.063983488132095E-4	2.063983488132095E-4	ral	0.33333333333333337	0	0	2	0.41335044929396664
	port	http://dbpedia.org/ontology/operatedBy	port authority trans-hudson	4	<adj> authority trans-hudson	NNP NNP NNP	<adj> NNP NNP	0.41335044929396664	0.003436426116838488	0.00819672131147541	0.0010319917440660474	4.12796697626419E-4	4.12796697626419E-4	ort	0.14814814814814814	1	0	1	0.41335044929396664
	central	http://dbpedia.org/ontology/operatedBy	central japan railway company	272	<adj> japan railway company	JJ NNP NNP NN	<adj> NNP NNP NN	0.41335044929396664	0.003436426116838488	0.00819672131147541	0.03632610939112487	0.028070175438596492	0.028070175438596492	ral	0.24137931034482762	1	0	1	0.41335044929396664
	intercommunal	http://dbpedia.org/ontology/operatedBy	brussels intercommunal transport company	1	brussels <adj> transport company	NNP NNP NN NN	NNP <adj> NN NN	0.41335044929396664	0.003436426116838488	0.00819672131147541	1.0319917440660474E-4	1.0319917440660474E-4	1.0319917440660474E-4	nal	0.32499999999999996	0	0	2	0.41335044929396664
	state	http://dbpedia.org/ontology/operatedBy	royal saxon state railways	6	royal saxon <adj> railways	NNP NNP NNP NNS	NNP NNP <adj> NNS	0.41335044929396664	0.003436426116838488	0.00819672131147541	0.03890608875128999	6.191950464396285E-4	6.191950464396285E-4	ate	0.1923076923076923	0	0	3	0.41335044929396664
	east	http://dbpedia.org/ontology/operatedBy	east midlands trains	109	<adj> midlands trains	NNP NNP NNS	<adj> NNPS NNS	0.41335044929396664	0.003436426116838488	0.00819672131147541	0.08937048503611972	0.011248710010319917	0.011248710010319917	ast	0.19999999999999996	1	0	1	0.41335044929396664
	state	http://dbpedia.org/ontology/operatedBy	norwegian state railways	356	norwegian <adj> railways	JJ NN NNS	JJ <adj> NNS	0.41335044929396664	0.003436426116838488	0.00819672131147541	0.03890608875128999	0.03673890608875129	0.03673890608875129	ate	0.20833333333333337	0	0	2	0.41335044929396664
	center	http://dbpedia.org/ontology/operatedBy	portland center for the performing arts	1	portland <adj> for the performing arts	NNP NNP IN DT VBG NNS	NNP <adj> IN DT VBG NNS	0.41335044929396664	0.003436426116838488	0.00819672131147541	1.0319917440660474E-4	1.0319917440660474E-4	1.0319917440660474E-4	ter	0.15384615384615385	0	0	2	0.41335044929396664
	federal	http://dbpedia.org/ontology/operatedBy	swiss federal railways	7	swiss <adj> railways	NNP NNP NNS	NNP <adj> NNS	0.41335044929396664	0.003436426116838488	0.00819672131147541	0.0011351909184726522	7.223942208462332E-4	7.223942208462332E-4	ral	0.31818181818181823	0	0	2	0.41335044929396664
	new	http://dbpedia.org/ontology/operatedBy	new jersey transit rail operations	11	<adj> jersey transit rail operations	NNP NNP NNP NN NNS	<adj> NNP NNP NN NNS	0.41335044929396664	0.003436426116838488	0.00819672131147541	0.007533539731682147	0.0011351909184726522	0.0011351909184726522	new	0.08823529411764708	1	0	1	0.41335044929396664
	first	http://dbpedia.org/ontology/operatedBy	first scotrail	375	<adj> scotrail	JJ NNP	<adj> NNP	0.41335044929396664	0.003436426116838488	0.00819672131147541	0.03952528379772962	0.03869969040247678	0.03869969040247678	rst	0.3571428571428571	1	0	1	0.41335044929396664
	electric	http://dbpedia.org/ontology/operatedBy	keisei electric railway	61	keisei <adj> railway	NNP NNP NNP	NNP <adj> NNP	0.41335044929396664	0.003436426116838488	0.00819672131147541	0.03529411764705882	0.00629514963880289	0.008565531475748194	ric	0.34782608695652173	0	0	2	0.41335044929396664
	municipal	http://dbpedia.org/ontology/operatedBy	kobe municipal transportation bureau	1	kobe <adj> transportation bureau	NNP NNP NNP NNP	NNP <adj> NNP NNP	0.41335044929396664	0.003436426116838488	0.00819672131147541	0.015170278637770897	1.0319917440660474E-4	1.0319917440660474E-4	pal	0.25	0	0	2	0.41335044929396664
	steam	http://dbpedia.org/ontology/operatedBy	saxon steam railway company	2	saxon <adj> railway company	NNP NN NN NN	NNP <adj> NNP NN	0.41335044929396664	0.003436426116838488	0.00819672131147541	3.0959752321981426E-4	2.063983488132095E-4	2.063983488132095E-4	eam	0.18518518518518523	0	0	2	0.41335044929396664
	overground	http://dbpedia.org/ontology/operatedBy	london overground rail operations	1	london <adj> rail operations	NNP JJ NN NNS	NNP <adj> NN NNS	0.41335044929396664	0.003436426116838488	0.00819672131147541	0.006604747162022704	1.0319917440660474E-4	1.0319917440660474E-4	und	0.303030303030303	0	0	2	0.41335044929396664
	state	http://dbpedia.org/ontology/operatedBy	turkish state railways	10	turkish <adj> railways	JJ NN NNS	JJ <adj> NNS	0.41335044929396664	0.003436426116838488	0.00819672131147541	0.03890608875128999	0.0010319917440660474	0.0010319917440660474	ate	0.2272727272727273	0	0	2	0.41335044929396664
	west	http://dbpedia.org/ontology/operatedBy	west virginia university	1	<adj> virginia university	NNP NNP NNP	<adj> NNP NNP	0.41335044929396664	0.003436426116838488	0.00819672131147541	0.06253869969040247	1.0319917440660474E-4	1.0319917440660474E-4	est	0.16666666666666663	1	0	1	0.41335044929396664
	municipal	http://dbpedia.org/ontology/operatedBy	yokohama municipal subway	29	yokohama <adj> subway	NNP NNP NN	NNP <adj> NN	0.41335044929396664	0.003436426116838488	0.00819672131147541	0.015170278637770897	0.0029927760577915376	0.0029927760577915376	pal	0.36	0	0	2	0.41335044929396664
	national	http://dbpedia.org/ontology/operatedBy	national railway company of belgium	22	<adj> railway company of belgium	NNP NNP NN IN NNP	<adj> NNP NN IN NNP	0.41335044929396664	0.003436426116838488	0.00819672131147541	0.002889576883384933	0.0022703818369453044	0.0022703818369453044	nal	0.22857142857142854	1	0	1	0.41335044929396664
	electric	http://dbpedia.org/ontology/operatedBy	keihan electric railway	47	keihan <adj> railway	NNP NNP NNP	NNP <adj> NNP	0.41335044929396664	0.003436426116838488	0.00819672131147541	0.03529411764705882	0.004850361197110423	0.004850361197110423	ric	0.34782608695652173	0	0	2	0.41335044929396664
	electric	http://dbpedia.org/ontology/operatedBy	nankai electric railway	85	nankai <adj> railway	NNP NNP NNP	NNP <adj> NNP	0.41335044929396664	0.003436426116838488	0.00819672131147541	0.03529411764705882	0.008771929824561403	0.008771929824561403	ric	0.34782608695652173	0	0	2	0.41335044929396664
	west	http://dbpedia.org/ontology/operatedBy	west japan railway company	422	<adj> japan railway company	NNP NNP NNP NN	<adj> NNP NNP NN	0.41335044929396664	0.003436426116838488	0.00819672131147541	0.06253869969040247	0.043550051599587206	0.043550051599587206	est	0.15384615384615385	1	0	1	0.41335044929396664
	municipal	http://dbpedia.org/ontology/operatedBy	osaka municipal subway	27	osaka <adj> subway	NNP NNP NN	NNP <adj> NN	0.41335044929396664	0.003436426116838488	0.00819672131147541	0.015170278637770897	0.0027863777089783283	0.0027863777089783283	pal	0.40909090909090906	0	0	2	0.41335044929396664
	first	http://dbpedia.org/ontology/operatedBy	first cymru	1	<adj> cymru	JJ NN	<adj> NNP	0.41335044929396664	0.003436426116838488	0.00819672131147541	0.03952528379772962	1.0319917440660474E-4	1.0319917440660474E-4	rst	0.4545454545454546	1	0	1	0.41335044929396664
	east	http://dbpedia.org/ontology/operatedBy	east lancashire railway 1844–1859	1	<adj> lancashire railway 1844–1859	NNP NNP NNP CD : CD	<adj> NN NN CD : CD	0.41335044929396664	0.003436426116838488	0.00819672131147541	0.08937048503611972	1.0319917440660474E-4	1.0319917440660474E-4	ast	0.12121212121212122	1	0	1	0.41335044929396664
	greater	http://dbpedia.org/ontology/operatedBy	greater toronto airports authority	1	<adj> toronto airports authority	JJR NNP NNS NN	<adj> NNP NNS NN	0.41335044929396664	0.003436426116838488	0.00819672131147541	0.01867905056759546	1.0319917440660474E-4	1.0319917440660474E-4	ter	0.20588235294117652	1	0	1	0.41335044929396664
	commuter	http://dbpedia.org/ontology/operatedBy	mbta commuter rail	9	mbta <adj> rail	NNP NN NN	NNP <adj> NN	0.41335044929396664	0.003436426116838488	0.00819672131147541	0.0018575851393188853	9.287925696594427E-4	9.287925696594427E-4	ter	0.4444444444444444	0	0	2	0.41335044929396664
	national	http://dbpedia.org/ontology/operatedBy	canadian national railway	1	canadian <adj> railway	NNP NNP NNP	JJ <adj> NN	0.41335044929396664	0.003436426116838488	0.00819672131147541	0.002889576883384933	1.0319917440660474E-4	1.0319917440660474E-4	nal	0.31999999999999995	0	0	2	0.41335044929396664
	municipal	http://dbpedia.org/ontology/operatedBy	san francisco municipal railway	14	san francisco <adj> railway	NNP NNP JJ NN	NNP NNP <adj> NNP	0.41335044929396664	0.003436426116838488	0.00819672131147541	0.015170278637770897	0.0014447884416924665	0.0014447884416924665	pal	0.29032258064516125	0	0	3	0.41335044929396664
	light	http://dbpedia.org/ontology/operatedBy	docklands light railway	39	docklands <adj> railway	NNPS JJ NN	NNPS <adj> NNP	0.41335044929396664	0.003436426116838488	0.00819672131147541	0.006501547987616099	0.004024767801857585	0.004024767801857585	ght	0.21739130434782605	0	0	2	0.41335044929396664
	midland	http://dbpedia.org/ontology/operatedBy	london midland	160	london <adj>	NNP NNP	NNP <adj>	0.41335044929396664	0.003436426116838488	0.00819672131147541	0.025077399380804954	0.016511867905056758	0.016511867905056758	and	0.5	0	1	2	0.41335044929396664
	west	http://dbpedia.org/ontology/operatedBy	south west trains	182	south <adj> trains	NNP NNP NNS	NNP <adj> NNS	0.41335044929396664	0.003436426116838488	0.00819672131147541	0.06253869969040247	0.018782249742002065	0.018782249742002065	est	0.23529411764705888	0	0	2	0.41335044929396664
	bay	http://dbpedia.org/ontology/operatedBy	massachusetts bay transportation authority	6	massachusetts <adj> transportation authority	NNP NNP NNP NNP	NNP <adj> NNP NNP	0.41335044929396664	0.003436426116838488	0.00819672131147541	0.0014447884416924665	6.191950464396285E-4	6.191950464396285E-4	bay	0.0714285714285714	0	0	2	0.41335044929396664
	western	http://dbpedia.org/ontology/operatedBy	denver and rio grande western railroad	1	denver and rio grande <adj> railroad	NNP CC NNP NNP NNP NNP	NNP CC NNP NNP <adj> NNP	0.41335044929396664	0.003436426116838488	0.00819672131147541	0.051393188854489166	1.0319917440660474E-4	1.0319917440660474E-4	ern	0.1842105263157895	0	0	5	0.41335044929396664
	intercity	http://dbpedia.org/ontology/operatedBy	metropolitan intercity railway company	3	metropolitan <adj> railway company	NNP NNP NNP NN	NNP <adj> NNP NN	0.41335044929396664	0.003436426116838488	0.00819672131147541	3.0959752321981426E-4	3.0959752321981426E-4	3.0959752321981426E-4	ity	0.23684210526315785	0	0	2	0.41335044929396664
	metropolitan	http://dbpedia.org/ontology/operatedBy	tokyo metropolitan bureau of transportation	85	tokyo <adj> bureau of transportation	NNP NNP NNP IN NNP	NNP <adj> NNP IN NNP	0.41335044929396664	0.003436426116838488	0.00819672131147541	0.01042311661506708	0.008771929824561403	0.008771929824561403	tan	0.2790697674418605	0	0	2	0.41335044929396664
	metro	http://dbpedia.org/ontology/operatedBy	tokyo metro	99	tokyo <adj>	NNP NNP	NNP <adj>	0.41335044929396664	0.003436426116838488	0.00819672131147541	0.017234262125902993	0.01021671826625387	0.018988648090815272	tro	0.4545454545454546	0	1	2	0.41335044929396664
	new	http://dbpedia.org/ontology/operatedBy	new york city transit authority	32	<adj> york city transit authority	NNP NNP NNP NNP NNP	<adj> NNP NNP NNP NNP	0.41335044929396664	0.003436426116838488	0.00819672131147541	0.007533539731682147	0.003302373581011352	0.003302373581011352	new	0.09677419354838712	1	0	1	0.41335044929396664
	caledonian	http://dbpedia.org/ontology/operatedBy	caledonian railway	34	<adj> railway	NNP NNP	<adj> NNP	0.41335044929396664	0.003436426116838488	0.00819672131147541	0.0035087719298245615	0.0035087719298245615	0.0035087719298245615	ian	0.5555555555555556	1	0	1	0.41335044929396664
	virgin	http://dbpedia.org/ontology/operatedBy	virgin trains	24	<adj> trains	NNP NNS	<adj> NNS	0.41335044929396664	0.003436426116838488	0.00819672131147541	0.002476780185758514	0.002476780185758514	0.002476780185758514	gin	0.46153846153846156	1	0	1	0.41335044929396664
	metro	http://dbpedia.org/ontology/operatedBy	marseille metro	2	marseille <adj>	NNP NNP	NNP <adj>	0.41335044929396664	0.003436426116838488	0.00819672131147541	0.017234262125902993	2.063983488132095E-4	2.063983488132095E-4	tro	0.33333333333333337	0	1	2	0.41335044929396664
	public	http://dbpedia.org/ontology/operatedBy	norwegian public roads administration	15	norwegian <adj> roads administration	JJ JJ NNS NN	JJ <adj> NNS NN	0.41335044929396664	0.003436426116838488	0.00819672131147541	0.0018575851393188853	0.0015479876160990713	0.0015479876160990713	lic	0.16216216216216217	0	0	2	0.41335044929396664
	metro	http://dbpedia.org/ontology/operatedBy	tranz metro	7	tranz <adj>	NNP NNP	NNP <adj>	0.41335044929396664	0.003436426116838488	0.00819672131147541	0.017234262125902993	7.223942208462332E-4	7.223942208462332E-4	tro	0.4545454545454546	0	1	2	0.41335044929396664
	western	http://dbpedia.org/ontology/operatedBy	london and north western railway	93	london and north <adj> railway	NNP CC NNP NNP NNP	NNP CC NNP <adj> NNP	0.41335044929396664	0.003436426116838488	0.00819672131147541	0.051393188854489166	0.009597523219814242	0.009597523219814242	ern	0.21875	0	0	4	0.41335044929396664
	eastern	http://dbpedia.org/ontology/operatedBy	eastern railway zone	19	<adj> railway zone	NNP NNP NNP	<adj> NNP NNP	0.41335044929396664	0.003436426116838488	0.00819672131147541	0.011145510835913313	0.00196078431372549	0.0027863777089783283	ern	0.35	1	0	1	0.41335044929396664
	scenic	http://dbpedia.org/ontology/operatedBy	kiwirail scenic journeys	4	kiwirail <adj> journeys	NNP JJ NNS	NN <adj> NNS	0.41335044929396664	0.003436426116838488	0.00819672131147541	4.12796697626419E-4	4.12796697626419E-4	4.12796697626419E-4	nic	0.25	0	0	2	0.41335044929396664
	central	http://dbpedia.org/ontology/operatedBy	east central railway zone	10	east <adj> railway zone	NNP NNP NNP NNP	NNP <adj> NNP NNP	0.41335044929396664	0.003436426116838488	0.00819672131147541	0.03632610939112487	0.0010319917440660474	0.0014447884416924665	ral	0.28	0	0	2	0.41335044929396664
	municipal	http://dbpedia.org/ontology/operatedBy	kobe municipal subway	5	kobe <adj> subway	NNP NNP NN	NNP <adj> NN	0.41335044929396664	0.003436426116838488	0.00819672131147541	0.015170278637770897	5.159958720330237E-4	5.159958720330237E-4	pal	0.4285714285714286	0	0	2	0.41335044929396664
	electric	http://dbpedia.org/ontology/operatedBy	hanshin electric railway	27	hanshin <adj> railway	NNP NNP NNP	NNP <adj> NNP	0.41335044929396664	0.003436426116838488	0.00819672131147541	0.03529411764705882	0.0027863777089783283	0.0027863777089783283	ric	0.33333333333333337	0	0	2	0.41335044929396664
	go	http://dbpedia.org/ontology/operatedBy	go transit	8	<adj> transit	VB NNP	<adj> NNP	0.41335044929396664	0.003436426116838488	0.00819672131147541	8.25593395252838E-4	8.25593395252838E-4	0.001651186790505676	go	0.19999999999999996	1	0	1	0.41335044929396664
	metro	http://dbpedia.org/ontology/operatedBy	porto alegre metro	1	porto alegre <adj>	NNP NNP NNP	NNP NNP <adj>	0.41335044929396664	0.003436426116838488	0.00819672131147541	0.017234262125902993	1.0319917440660474E-4	1.0319917440660474E-4	tro	0.2777777777777778	0	1	3	0.41335044929396664
	new	http://dbpedia.org/ontology/operatedBy	kobe new transit	2	kobe <adj> transit	NNP NNP NNP	NNP <adj> NNP	0.41335044929396664	0.003436426116838488	0.00819672131147541	0.007533539731682147	2.063983488132095E-4	2.063983488132095E-4	new	0.1875	0	0	2	0.41335044929396664
	western	http://dbpedia.org/ontology/operatedBy	london and south western railway	35	london and south <adj> railway	NNP CC NNP NNP NNP	NNP CC NNP <adj> NNP	0.41335044929396664	0.003436426116838488	0.00819672131147541	0.051393188854489166	0.003611971104231166	0.003611971104231166	ern	0.21875	0	0	4	0.41335044929396664
	regional	http://dbpedia.org/ontology/operatedBy	greater cleveland regional transit authority	1	greater cleveland <adj> transit authority	JJR NNP JJ NN NN	JJR NNP <adj> NNP NNP	0.41335044929396664	0.003436426116838488	0.00819672131147541	0.0015479876160990713	1.0319917440660474E-4	1.0319917440660474E-4	nal	0.18181818181818177	0	0	3	0.41335044929396664
	new	http://dbpedia.org/ontology/operatedBy	new jersey transit	5	<adj> jersey transit	NNP NNP NNP	<adj> NNP NNP	0.41335044929396664	0.003436426116838488	0.00819672131147541	0.007533539731682147	5.159958720330237E-4	0.0018575851393188853	new	0.16666666666666663	1	0	1	0.41335044929396664
	regional	http://dbpedia.org/ontology/operatedBy	hillsborough area regional transit	2	hillsborough area <adj> transit	NNP NN JJ NN	NNP NN <adj> NNP	0.41335044929396664	0.003436426116838488	0.00819672131147541	0.0015479876160990713	2.063983488132095E-4	2.063983488132095E-4	nal	0.23529411764705888	0	0	3	0.41335044929396664
	new	http://dbpedia.org/ontology/operatedBy	new zealand railways department	11	<adj> zealand railways department	NNP NNP NNS NN	<adj> NNP NNS NN	0.41335044929396664	0.003436426116838488	0.00819672131147541	0.007533539731682147	0.0011351909184726522	0.0011351909184726522	new	0.09677419354838712	1	0	1	0.41335044929396664
	vintage	http://dbpedia.org/ontology/operatedBy	bay of islands vintage railway	1	bay of islands <adj> railway	NNP IN NNPS JJ NN	NNP IN NNPS <adj> NNP	0.41335044929396664	0.003436426116838488	0.00819672131147541	1.0319917440660474E-4	1.0319917440660474E-4	1.0319917440660474E-4	age	0.23333333333333328	0	0	4	0.41335044929396664
	municipal	http://dbpedia.org/ontology/operatedBy	san francisco municipal transportation agency	4	san francisco <adj> transportation agency	NNP NNP NNP NNP NNP	NNP NNP <adj> NNP NNP	0.41335044929396664	0.003436426116838488	0.00819672131147541	0.015170278637770897	4.12796697626419E-4	4.12796697626419E-4	pal	0.19999999999999996	0	0	3	0.41335044929396664
	one	http://dbpedia.org/ontology/operatedBy	mumbai metro one pvt ltd	1	mumbai metro <adj> pvt ltd	NNP NNP CD NNP NNP	NNP NNP <adj> NNP NNP	0.41335044929396664	0.003436426116838488	0.00819672131147541	1.0319917440660474E-4	1.0319917440660474E-4	1.0319917440660474E-4	one	0.125	0	0	3	0.41335044929396664
	gorge	http://dbpedia.org/ontology/operatedBy	taieri gorge railway	1	taieri <adj> railway	NNP NNP NNP	NNP <adj> NNP	0.41335044929396664	0.003436426116838488	0.00819672131147541	1.0319917440660474E-4	1.0319917440660474E-4	1.0319917440660474E-4	rge	0.25	0	0	2	0.41335044929396664
	british	http://dbpedia.org/ontology/operatedBy	north british railway	10	north <adj> railway	JJ JJ NN	NNP <adj> NNP	0.41335044929396664	0.003436426116838488	0.00819672131147541	0.0021671826625387	0.0010319917440660474	0.0010319917440660474	ish	0.33333333333333337	0	0	2	0.41335044929396664
	central	http://dbpedia.org/ontology/operatedBy	great central railway	45	great <adj> railway	JJ JJ NN	NNP <adj> NNP	0.41335044929396664	0.003436426116838488	0.00819672131147541	0.03632610939112487	0.0046439628482972135	0.0046439628482972135	ral	0.33333333333333337	0	0	2	0.41335044929396664
	electric	http://dbpedia.org/ontology/operatedBy	hokushin kyūkō electric railway	1	hokushin kyūkō <adj> railway	NN NNP NNP NNP	NN NN <adj> NN	0.41335044929396664	0.003436426116838488	0.00819672131147541	0.03529411764705882	1.0319917440660474E-4	1.0319917440660474E-4	ric	0.25806451612903225	0	0	3	0.41335044929396664
	pacific	http://dbpedia.org/ontology/operatedBy	union pacific railroad	5	union <adj> railroad	NNP NNP NN	NNP <adj> NNP	0.41335044929396664	0.003436426116838488	0.00819672131147541	7.223942208462332E-4	5.159958720330237E-4	5.159958720330237E-4	fic	0.31818181818181823	0	0	2	0.41335044929396664
	urban	http://dbpedia.org/ontology/operatedBy	osaka prefectural urban development	5	osaka prefectural <adj> development	NNP JJ JJ NN	NNP JJ <adj> NN	0.41335044929396664	0.003436426116838488	0.00819672131147541	0.0020639834881320948	5.159958720330237E-4	5.159958720330237E-4	ban	0.1428571428571429	0	0	3	0.41335044929396664
	down	http://dbpedia.org/ontology/operatedBy	belfast and county down railway	24	belfast and county <adj> railway	NNP CC NNP IN NNP	NNP CC NNP <adj> NNP	0.41335044929396664	0.003436426116838488	0.00819672131147541	0.002476780185758514	0.002476780185758514	0.002476780185758514	own	0.12903225806451613	0	0	4	0.41335044929396664
	joint	http://dbpedia.org/ontology/operatedBy	somerset and dorset joint railway	26	somerset and dorset <adj> railway	NNP CC NNP NNP NNP	NNP CC NNP <adj> NNP	0.41335044929396664	0.003436426116838488	0.00819672131147541	0.007017543859649123	0.0026831785345717233	0.0026831785345717233	int	0.1515151515151515	0	0	4	0.41335044929396664
	port	http://dbpedia.org/ontology/operatedBy	port authority of allegheny county	5	<adj> authority of allegheny county	NNP NNP IN NNP NNP	<adj> NNP IN NNP NNP	0.41335044929396664	0.003436426116838488	0.00819672131147541	0.0010319917440660474	5.159958720330237E-4	5.159958720330237E-4	ort	0.11764705882352944	1	0	1	0.41335044929396664
	rapid	http://dbpedia.org/ontology/operatedBy	bay area rapid transit	2	bay area <adj> transit	NNP NNP NNP NNP	NNP NNP <adj> NNP	0.41335044929396664	0.003436426116838488	0.00819672131147541	0.0021671826625387	2.063983488132095E-4	2.063983488132095E-4	pid	0.2272727272727273	0	0	3	0.41335044929396664
	light	http://dbpedia.org/ontology/operatedBy	north devon and cornwall junction light railway	7	north devon and cornwall junction <adj> railway	NNP NNP CC NNP NN NN NN	NNP NNP CC NNP NN <adj> NN	0.41335044929396664	0.003436426116838488	0.00819672131147541	0.006501547987616099	7.223942208462332E-4	7.223942208462332E-4	ght	0.1063829787234043	0	0	6	0.41335044929396664
	west	http://dbpedia.org/ontology/operatedBy	west virginia department of transportation	1	<adj> virginia department of transportation	NNP NNP NNP IN NNP	<adj> NNP NNP IN NNP	0.41335044929396664	0.003436426116838488	0.00819672131147541	0.06253869969040247	1.0319917440660474E-4	1.0319917440660474E-4	est	0.09523809523809523	1	0	1	0.41335044929396664
	western	http://dbpedia.org/ontology/operatedBy	glasgow and south western railway	66	glasgow and south <adj> railway	NNP CC NNP NNP NNP	NNP CC NNP <adj> NNP	0.41335044929396664	0.003436426116838488	0.00819672131147541	0.051393188854489166	0.006811145510835914	0.006811145510835914	ern	0.21212121212121215	0	0	4	0.41335044929396664
	new	http://dbpedia.org/ontology/operatedBy	new zealand transport agency	3	<adj> zealand transport agency	NNP NNP NN NN	<adj> NNP NN NN	0.41335044929396664	0.003436426116838488	0.00819672131147541	0.007533539731682147	3.0959752321981426E-4	3.0959752321981426E-4	new	0.1071428571428571	1	0	1	0.41335044929396664
	electric	http://dbpedia.org/ontology/operatedBy	shin-keisei electric railway	22	shin-keisei <adj> railway	NNP NNP NNP	NNP <adj> NNP	0.41335044929396664	0.003436426116838488	0.00819672131147541	0.03529411764705882	0.0022703818369453044	0.0022703818369453044	ric	0.2857142857142857	0	0	2	0.41335044929396664
	new	http://dbpedia.org/ontology/operatedBy	new york, new haven and hartford railroad	2	<adj> york, <adj> haven and hartford railroad	NNP NNP , NNP NNP CC NNP NNP	<adj> NNP , <adj> NNP CC NNP NNP	0.41335044929396664	0.003436426116838488	0.00819672131147541	0.007533539731682147	2.063983488132095E-4	2.063983488132095E-4	new	0.07317073170731703	0	0	3	0.41335044929396664
	eastern	http://dbpedia.org/ontology/operatedBy	great eastern railway	45	great <adj> railway	NNP NNP NNP	NNP <adj> NNP	0.41335044929396664	0.003436426116838488	0.00819672131147541	0.011145510835913313	0.0046439628482972135	0.0046439628482972135	ern	0.33333333333333337	0	0	2	0.41335044929396664
	western	http://dbpedia.org/ontology/operatedBy	great western railway	63	great <adj> railway	NNP NNP NNP	NNP <adj> NNP	0.41335044929396664	0.003436426116838488	0.00819672131147541	0.051393188854489166	0.006501547987616099	0.006501547987616099	ern	0.33333333333333337	0	0	2	0.41335044929396664
	south	http://dbpedia.org/ontology/operatedBy	london, brighton and south coast railway	38	london, brighton and <adj> coast railway	NNP , NNP CC NNP NNP NNP	NNP , NNP CC <adj> NNP NNP	0.41335044929396664	0.003436426116838488	0.00819672131147541	0.004231166150670795	0.00392156862745098	0.00392156862745098	uth	0.125	0	0	4	0.41335044929396664
	western	http://dbpedia.org/ontology/operatedBy	delaware, lackawanna and western railroad	1	delaware, lackawanna and <adj> railroad	NNP , NNP CC NNP NNP	NNP , NNP CC <adj> NNP	0.41335044929396664	0.003436426116838488	0.00819672131147541	0.051393188854489166	1.0319917440660474E-4	1.0319917440660474E-4	ern	0.1707317073170732	0	0	4	0.41335044929396664
	street	http://dbpedia.org/ontology/operatedBy	market street railway	1	market <adj> railway	NNP NNP NN	NN <adj> NN	0.41335044929396664	0.003436426116838488	0.00819672131147541	1.0319917440660474E-4	1.0319917440660474E-4	1.0319917440660474E-4	eet	0.2857142857142857	0	0	2	0.41335044929396664
	eastern	http://dbpedia.org/ontology/operatedBy	south eastern railway zone	7	south <adj> railway zone	NNP NNP NNP NNP	NNP <adj> NNP NNP	0.41335044929396664	0.003436426116838488	0.00819672131147541	0.011145510835913313	7.223942208462332E-4	7.223942208462332E-4	ern	0.2692307692307693	0	0	2	0.41335044929396664
	central	http://dbpedia.org/ontology/operatedBy	central arkansas transit authority	1	<adj> arkansas transit authority	JJ NNP NNP NNP	<adj> NNP NNP NNP	0.41335044929396664	0.003436426116838488	0.00819672131147541	0.03632610939112487	1.0319917440660474E-4	1.0319917440660474E-4	ral	0.20588235294117652	1	0	1	0.41335044929396664
	electric	http://dbpedia.org/ontology/operatedBy	odakyu electric railway	57	odakyu <adj> railway	NNP NNP NNP	NNP <adj> NNP	0.41335044929396664	0.003436426116838488	0.00819672131147541	0.03529411764705882	0.0058823529411764705	0.0058823529411764705	ric	0.34782608695652173	0	0	2	0.41335044929396664
	midland	http://dbpedia.org/ontology/operatedBy	midland railway	76	<adj> railway	NNP NNP	<adj> NNP	0.41335044929396664	0.003436426116838488	0.00819672131147541	0.025077399380804954	0.00784313725490196	0.00804953560371517	and	0.4666666666666667	1	0	1	0.41335044929396664
	la	http://dbpedia.org/ontology/operatedBy	tram et bus de la cub	1	tram et bus de <adj> cub	NNP FW NNP FW NNP NN	NNP FW NNP FW <adj> NN	0.41335044929396664	0.003436426116838488	0.00819672131147541	5.159958720330237E-4	1.0319917440660474E-4	1.0319917440660474E-4	la	0.09523809523809523	0	0	5	0.41335044929396664
	limited	http://dbpedia.org/ontology/operatedBy	beijing mass transit railway operation corporation limited	17	beijing mass transit railway operation corporation <adj>	NNP NNP NNP NN NN NN VBN	NNP NNP NNP NN NN NN <adj>	0.41335044929396664	0.003436426116838488	0.00819672131147541	0.0018575851393188853	0.0017543859649122807	0.0017543859649122807	ted	0.12068965517241381	0	1	7	0.41335044929396664
	municipal	http://dbpedia.org/ontology/operatedBy	kyoto municipal subway	10	kyoto <adj> subway	NNP NNP NN	NNP <adj> NN	0.41335044929396664	0.003436426116838488	0.00819672131147541	0.015170278637770897	0.0010319917440660474	0.0010319917440660474	pal	0.40909090909090906	0	0	2	0.41335044929396664
	metro	http://dbpedia.org/ontology/operatedBy	shenzhen metro	13	shenzhen <adj>	NNP NNP	NNP <adj>	0.41335044929396664	0.003436426116838488	0.00819672131147541	0.017234262125902993	0.0013415892672858616	0.0013415892672858616	tro	0.3571428571428571	0	1	2	0.41335044929396664
	urban	http://dbpedia.org/ontology/operatedBy	chiba urban monorail	12	chiba <adj> monorail	NNP NNP NNP	NNP <adj> NNP	0.41335044929396664	0.003436426116838488	0.00819672131147541	0.0020639834881320948	0.001238390092879257	0.001238390092879257	ban	0.25	0	0	2	0.41335044929396664
	australian	http://dbpedia.org/ontology/operatedBy	south australian railways	1	south <adj> railways	NNP NNP NNS	NNP <adj> NNS	0.41335044929396664	0.003436426116838488	0.00819672131147541	3.0959752321981426E-4	1.0319917440660474E-4	1.0319917440660474E-4	ian	0.4	0	0	2	0.41335044929396664
	eastern	http://dbpedia.org/ontology/operatedBy	south eastern and chatham railway	24	south <adj> and chatham railway	NNP NNP CC NNP NNP	NNP <adj> CC NNP NNP	0.41335044929396664	0.003436426116838488	0.00819672131147541	0.011145510835913313	0.002476780185758514	0.002476780185758514	ern	0.21212121212121215	0	0	2	0.41335044929396664
	rhaetian	http://dbpedia.org/ontology/operatedBy	rhaetian railway	1	<adj> railway	NNP NNP	<adj> NNP	0.41335044929396664	0.003436426116838488	0.00819672131147541	1.0319917440660474E-4	1.0319917440660474E-4	1.0319917440660474E-4	ian	0.5	1	0	1	0.41335044929396664
	eastern	http://dbpedia.org/ontology/operatedBy	connex south eastern	1	connex south <adj>	NNP NNP NNP	NNP NNP <adj>	0.41335044929396664	0.003436426116838488	0.00819672131147541	0.011145510835913313	1.0319917440660474E-4	1.0319917440660474E-4	ern	0.35	0	1	3	0.41335044929396664
	uk	http://dbpedia.org/ontology/operatedBy	south eastern railway, uk	10	south eastern railway, <adj>	NNP NNP NNP , NNP	NNP NNP NNP , <adj>	0.41335044929396664	0.003436426116838488	0.00819672131147541	0.0011351909184726522	0.0010319917440660474	0.0010319917440660474	uk	0.07999999999999996	0	1	4	0.41335044929396664
	electric	http://dbpedia.org/ontology/operatedBy	towada kankō electric railway	9	towada kankō <adj> railway	NNP NNP NNP NNP	NNP NNP <adj> NNP	0.41335044929396664	0.003436426116838488	0.00819672131147541	0.03529411764705882	9.287925696594427E-4	9.287925696594427E-4	ric	0.27586206896551724	0	0	3	0.41335044929396664
	metro	http://dbpedia.org/ontology/operatedBy	wuhan metro	3	wuhan <adj>	NNP NNP	NNP <adj>	0.41335044929396664	0.003436426116838488	0.00819672131147541	0.017234262125902993	3.0959752321981426E-4	3.0959752321981426E-4	tro	0.4545454545454546	0	1	2	0.41335044929396664
	western	http://dbpedia.org/ontology/operatedBy	portland and western railroad	1	portland and <adj> railroad	NNP CC NNP NNP	NNP CC <adj> NNP	0.41335044929396664	0.003436426116838488	0.00819672131147541	0.051393188854489166	1.0319917440660474E-4	1.0319917440660474E-4	ern	0.24137931034482762	0	0	3	0.41335044929396664
	regional	http://dbpedia.org/ontology/operatedBy	septa regional rail	8	septa <adj> rail	NNP NNP NNP	NNP <adj> NN	0.41335044929396664	0.003436426116838488	0.00819672131147541	0.0015479876160990713	8.25593395252838E-4	8.25593395252838E-4	nal	0.42105263157894735	0	0	2	0.41335044929396664
	northern	http://dbpedia.org/ontology/operatedBy	northern counties committee	37	<adj> counties committee	JJ NNS NN	<adj> NNS NN	0.41335044929396664	0.003436426116838488	0.00819672131147541	0.05376676986584107	0.0038183694530443757	0.0038183694530443757	ern	0.2962962962962963	1	0	1	0.41335044929396664
	express	http://dbpedia.org/ontology/operatedBy	hokuetsu express hokuhoku line	12	hokuetsu <adj> hokuhoku line	NNP NNP NNP NN	NNP <adj> NNP NN	0.41335044929396664	0.003436426116838488	0.00819672131147541	0.006501547987616099	0.001238390092879257	0.001238390092879257	ess	0.23333333333333328	0	0	2	0.41335044929396664
	land	http://dbpedia.org/ontology/operatedBy	land transport authority	2	<adj> transport authority	NN NN NN	<adj> NNP NNP	0.41335044929396664	0.003436426116838488	0.00819672131147541	2.063983488132095E-4	2.063983488132095E-4	2.063983488132095E-4	and	0.16666666666666663	1	0	1	0.41335044929396664
	metro	http://dbpedia.org/ontology/operatedBy	tianjin metro	6	tianjin <adj>	NNP NNP	NNP <adj>	0.41335044929396664	0.003436426116838488	0.00819672131147541	0.017234262125902993	6.191950464396285E-4	6.191950464396285E-4	tro	0.3846153846153846	0	1	2	0.41335044929396664
	new	http://dbpedia.org/ontology/operatedBy	light rail in new jersey	1	light rail in <adj> jersey	JJ NN IN NNP NNP	JJ NN IN <adj> NNP	0.41335044929396664	0.003436426116838488	0.00819672131147541	0.007533539731682147	1.0319917440660474E-4	1.0319917440660474E-4	new	0.125	0	0	4	0.41335044929396664
	new	http://dbpedia.org/ontology/operatedBy	new jersey transit bus operations	2	<adj> jersey transit bus operations	NNP NNP NNP NN NNS	<adj> NNP NNP NN NNS	0.41335044929396664	0.003436426116838488	0.00819672131147541	0.007533539731682147	2.063983488132095E-4	2.063983488132095E-4	new	0.09090909090909094	1	0	1	0.41335044929396664
	metro	http://dbpedia.org/ontology/operatedBy	king county metro	5	king county <adj>	NNP NNP NNP	NNP NNP <adj>	0.41335044929396664	0.003436426116838488	0.00819672131147541	0.017234262125902993	5.159958720330237E-4	5.159958720330237E-4	tro	0.2941176470588235	0	1	3	0.41335044929396664
	main	http://dbpedia.org/ontology/operatedBy	west coast main line	1	west coast <adj> line	NNP NNP JJ NN	NNP NNP <adj> NN	0.41335044929396664	0.003436426116838488	0.00819672131147541	2.063983488132095E-4	1.0319917440660474E-4	1.0319917440660474E-4	ain	0.19999999999999996	0	0	3	0.41335044929396664
	northern	http://dbpedia.org/ontology/operatedBy	detroit, lansing and northern railroad	1	detroit, lansing and <adj> railroad	NNP , NNP CC NNP NNP	NNP , NNP CC <adj> NNP	0.41335044929396664	0.003436426116838488	0.00819672131147541	0.05376676986584107	1.0319917440660474E-4	1.0319917440660474E-4	ern	0.21052631578947367	0	0	4	0.41335044929396664
	north	http://dbpedia.org/ontology/operatedBy	north staffordshire railway	14	<adj> staffordshire railway	NNP NNP NNP	<adj> NNP NNP	0.41335044929396664	0.003436426116838488	0.00819672131147541	0.0017543859649122807	0.0014447884416924665	0.0014447884416924665	rth	0.18518518518518523	1	0	1	0.41335044929396664
	british	http://dbpedia.org/ontology/operatedBy	western region of british railways	2	western region of <adj> railways	JJ NN IN JJ NNS	JJ NN IN <adj> NNS	0.41335044929396664	0.003436426116838488	0.00819672131147541	0.0021671826625387	2.063983488132095E-4	2.063983488132095E-4	ish	0.20588235294117652	0	0	4	0.41335044929396664
	green	http://dbpedia.org/ontology/operatedBy	green cargo	5	<adj> cargo	JJ NN	<adj> NN	0.41335044929396664	0.003436426116838488	0.00819672131147541	5.159958720330237E-4	5.159958720330237E-4	5.159958720330237E-4	een	0.4545454545454546	1	0	1	0.41335044929396664
	national	http://dbpedia.org/ontology/operatedBy	japanese national railways	4	japanese <adj> railways	NNP NNP NNS	JJ <adj> NNS	0.41335044929396664	0.003436426116838488	0.00819672131147541	0.002889576883384933	4.12796697626419E-4	4.12796697626419E-4	nal	0.3076923076923077	0	0	2	0.41335044929396664
	metro	http://dbpedia.org/ontology/operatedBy	kharkiv metro	3	kharkiv <adj>	NNP NNP	NNP <adj>	0.41335044929396664	0.003436426116838488	0.00819672131147541	0.017234262125902993	3.0959752321981426E-4	3.0959752321981426E-4	tro	0.3846153846153846	0	1	2	0.41335044929396664
	metro	http://dbpedia.org/ontology/operatedBy	moscow metro	1	moscow <adj>	NNP NNP	NNP <adj>	0.41335044929396664	0.003436426116838488	0.00819672131147541	0.017234262125902993	1.0319917440660474E-4	1.0319917440660474E-4	tro	0.41666666666666663	0	1	2	0.41335044929396664
	municipal	http://dbpedia.org/ontology/operatedBy	sapporo municipal subway	36	sapporo <adj> subway	NNP NNP NN	NNP <adj> NN	0.41335044929396664	0.003436426116838488	0.00819672131147541	0.015170278637770897	0.0037151702786377707	0.0037151702786377707	pal	0.375	0	0	2	0.41335044929396664
	saudi	http://dbpedia.org/ontology/operatedBy	saudi railways organization	1	<adj> railways organization	NNP NNS NN	<adj> NNS NN	0.41335044929396664	0.003436426116838488	0.00819672131147541	1.0319917440660474E-4	1.0319917440660474E-4	1.0319917440660474E-4	udi	0.18518518518518523	1	0	1	0.41335044929396664
	electric	http://dbpedia.org/ontology/operatedBy	eizan electric railway	3	eizan <adj> railway	NNP NNP NNP	NNP <adj> NNP	0.41335044929396664	0.003436426116838488	0.00819672131147541	0.03529411764705882	3.0959752321981426E-4	3.0959752321981426E-4	ric	0.36363636363636365	0	0	2	0.41335044929396664
	midland	http://dbpedia.org/ontology/operatedBy	stratford-upon-avon and midland junction railway	5	stratford-upon-avon and <adj> junction railway	NNP CC NNP NN NN	NNP CC <adj> NN NN	0.41335044929396664	0.003436426116838488	0.00819672131147541	0.025077399380804954	5.159958720330237E-4	5.159958720330237E-4	and	0.14583333333333337	0	0	3	0.41335044929396664
	electric	http://dbpedia.org/ontology/operatedBy	kōbe electric railway	12	kōbe <adj> railway	NNP NNP NNP	NNP <adj> NNP	0.41335044929396664	0.003436426116838488	0.00819672131147541	0.03529411764705882	0.001238390092879257	0.001238390092879257	ric	0.38095238095238093	0	0	2	0.41335044929396664
	highland	http://dbpedia.org/ontology/operatedBy	highland railway	7	<adj> railway	NNP NNP	<adj> NNP	0.41335044929396664	0.003436426116838488	0.00819672131147541	7.223942208462332E-4	7.223942208462332E-4	7.223942208462332E-4	and	0.5	1	0	1	0.41335044929396664
	long	http://dbpedia.org/ontology/operatedBy	central railroad of long island	1	central railroad of <adj> island	JJ NN IN JJ NN	JJ NN IN <adj> NNP	0.41335044929396664	0.003436426116838488	0.00819672131147541	0.0010319917440660474	1.0319917440660474E-4	1.0319917440660474E-4	ong	0.12903225806451613	0	0	4	0.41335044929396664
	joint	http://dbpedia.org/ontology/operatedBy	norfolk and suffolk joint railway	6	norfolk and suffolk <adj> railway	NNP CC NNP NNP NNP	NNP CC NNP <adj> NNP	0.41335044929396664	0.003436426116838488	0.00819672131147541	0.007017543859649123	6.191950464396285E-4	6.191950464396285E-4	int	0.1515151515151515	0	0	4	0.41335044929396664
	joint	http://dbpedia.org/ontology/operatedBy	midland and great northern joint railway	26	midland and great northern <adj> railway	NNP CC NNP NNP NNP NNP	NNP CC NNP NNP <adj> NNP	0.41335044929396664	0.003436426116838488	0.00819672131147541	0.007017543859649123	0.0026831785345717233	0.0026831785345717233	int	0.125	0	0	5	0.41335044929396664
	express	http://dbpedia.org/ontology/operatedBy	heathrow express	3	heathrow <adj>	NNP NNP	NNP <adj>	0.41335044929396664	0.003436426116838488	0.00819672131147541	0.006501547987616099	3.0959752321981426E-4	3.0959752321981426E-4	ess	0.4375	0	1	2	0.41335044929396664
	metro	http://dbpedia.org/ontology/operatedBy	algiers metro	1	algiers <adj>	NNP NNP	NNP <adj>	0.41335044929396664	0.003436426116838488	0.00819672131147541	0.017234262125902993	1.0319917440660474E-4	1.0319917440660474E-4	tro	0.3846153846153846	0	1	2	0.41335044929396664
	mono	http://dbpedia.org/ontology/operatedBy	kerala mono rail corporation	2	kerala <adj> rail corporation	NNP NN NN NN	NNP <adj> NN NN	0.41335044929396664	0.003436426116838488	0.00819672131147541	2.063983488132095E-4	2.063983488132095E-4	2.063983488132095E-4	ono	0.1428571428571429	0	0	2	0.41335044929396664
	joint	http://dbpedia.org/ontology/operatedBy	great northern and london and north western joint railway	10	great northern and london and north western <adj> railway	NNP NNP CC NNP CC NNP NNP NNP NNP	NNP NNP CC NNP CC NNP NNP <adj> NNP	0.41335044929396664	0.003436426116838488	0.00819672131147541	0.007017543859649123	0.0010319917440660474	0.0010319917440660474	int	0.08771929824561409	0	0	8	0.41335044929396664
	metropolitan	http://dbpedia.org/ontology/operatedBy	los angeles county metropolitan transportation authority	7	los angeles county <adj> transportation authority	NNP NNP NNP NNP NNP NNP	NNP NNP NNP <adj> NNP NNP	0.41335044929396664	0.003436426116838488	0.00819672131147541	0.01042311661506708	7.223942208462332E-4	7.223942208462332E-4	tan	0.2142857142857143	0	0	4	0.41335044929396664
	norsk	http://dbpedia.org/ontology/operatedBy	norsk transport	6	<adj> transport	NNP NNP	<adj> NNP	0.41335044929396664	0.003436426116838488	0.00819672131147541	6.191950464396285E-4	6.191950464396285E-4	6.191950464396285E-4	rsk	0.33333333333333337	1	0	1	0.41335044929396664
	international	http://dbpedia.org/ontology/operatedBy	narita international airport corporation	1	narita <adj> airport corporation	NNP NNP NNP NNP	NNP <adj> NNP NNP	0.41335044929396664	0.003436426116838488	0.00819672131147541	4.12796697626419E-4	1.0319917440660474E-4	1.0319917440660474E-4	nal	0.32499999999999996	0	0	2	0.41335044929396664
	international	http://dbpedia.org/ontology/operatedBy	taoyuan international airport corporation	1	taoyuan <adj> airport corporation	NNP NNP NNP NNP	NNP <adj> NNP NNP	0.41335044929396664	0.003436426116838488	0.00819672131147541	4.12796697626419E-4	1.0319917440660474E-4	1.0319917440660474E-4	nal	0.31707317073170727	0	0	2	0.41335044929396664
	key	http://dbpedia.org/ontology/operatedBy	key system	1	<adj> system	JJ NN	<adj> NN	0.41335044929396664	0.003436426116838488	0.00819672131147541	1.0319917440660474E-4	1.0319917440660474E-4	1.0319917440660474E-4	key	0.30000000000000004	1	0	1	0.41335044929396664
	ulster	http://dbpedia.org/ontology/operatedBy	ulster transport authority	2	<adj> transport authority	NNP NNP NNP	<adj> NNP NNP	0.41335044929396664	0.003436426116838488	0.00819672131147541	2.063983488132095E-4	2.063983488132095E-4	2.063983488132095E-4	ter	0.23076923076923073	1	0	1	0.41335044929396664
	australian	http://dbpedia.org/ontology/operatedBy	western australian government railways	2	western <adj> government railways	JJ JJ NN NNS	NNP <adj> NN NNS	0.41335044929396664	0.003436426116838488	0.00819672131147541	3.0959752321981426E-4	2.063983488132095E-4	2.063983488132095E-4	ian	0.26315789473684215	0	0	2	0.41335044929396664
	first	http://dbpedia.org/ontology/operatedBy	first transit	3	<adj> transit	NNP NNP	<adj> NNP	0.41335044929396664	0.003436426116838488	0.00819672131147541	0.03952528379772962	3.0959752321981426E-4	3.0959752321981426E-4	rst	0.3846153846153846	1	0	1	0.41335044929396664
	rapid	http://dbpedia.org/ontology/operatedBy	tōyō rapid railway line	7	tōyō <adj> railway line	NNP JJ NN NN	NN <adj> NN NN	0.41335044929396664	0.003436426116838488	0.00819672131147541	0.0021671826625387	7.223942208462332E-4	7.223942208462332E-4	pid	0.21739130434782605	0	0	2	0.41335044929396664
	rapid	http://dbpedia.org/ontology/operatedBy	tokyo waterfront area rapid transit rinkai line	6	tokyo waterfront area <adj> transit rinkai line	NNP NN NN JJ NN NN NN	NNP NN NN <adj> NNP NNP NN	0.41335044929396664	0.003436426116838488	0.00819672131147541	0.0021671826625387	6.191950464396285E-4	6.191950464396285E-4	pid	0.1063829787234043	0	0	4	0.41335044929396664
	express	http://dbpedia.org/ontology/operatedBy	nottingham express transit	1	nottingham <adj> transit	NNP NNP NNP	NNP <adj> NNP	0.41335044929396664	0.003436426116838488	0.00819672131147541	0.006501547987616099	1.0319917440660474E-4	1.0319917440660474E-4	ess	0.2692307692307693	0	0	2	0.41335044929396664
	metropolitan	http://dbpedia.org/ontology/operatedBy	metropolitan borough of wirral	1	<adj> borough of wirral	NNP NNP IN NNP	<adj> NN IN JJ	0.41335044929396664	0.003436426116838488	0.00819672131147541	0.01042311661506708	1.0319917440660474E-4	1.0319917440660474E-4	tan	0.4	1	0	1	0.41335044929396664
	north	http://dbpedia.org/ontology/operatedBy	north cornwall railway	1	<adj> cornwall railway	NNP NNP NNP	<adj> NNP NNP	0.41335044929396664	0.003436426116838488	0.00819672131147541	0.0017543859649122807	1.0319917440660474E-4	1.0319917440660474E-4	rth	0.2272727272727273	1	0	1	0.41335044929396664
	norwegian	http://dbpedia.org/ontology/operatedBy	norwegian railway club	2	<adj> railway club	JJ NN NN	<adj> NNP NNP	0.41335044929396664	0.003436426116838488	0.00819672131147541	2.063983488132095E-4	2.063983488132095E-4	2.063983488132095E-4	ian	0.40909090909090906	1	0	1	0.41335044929396664
	continental	http://dbpedia.org/ontology/operatedBy	london and continental railways	1	london and <adj> railways	NNP CC NNP NNS	NNP CC <adj> NNS	0.41335044929396664	0.003436426116838488	0.00819672131147541	1.0319917440660474E-4	1.0319917440660474E-4	1.0319917440660474E-4	tal	0.3548387096774194	0	0	3	0.41335044929396664
	frontier	http://dbpedia.org/ontology/operatedBy	niagara frontier transportation authority	1	niagara <adj> transportation authority	NNP NNP NNP NNP	NNP <adj> NNP NNP	0.41335044929396664	0.003436426116838488	0.00819672131147541	0.0011351909184726522	1.0319917440660474E-4	1.0319917440660474E-4	ier	0.19512195121951215	0	0	2	0.41335044929396664
	sound	http://dbpedia.org/ontology/operatedBy	sound transit	3	<adj> transit	NNP NNP	<adj> NNP	0.41335044929396664	0.003436426116838488	0.00819672131147541	3.0959752321981426E-4	3.0959752321981426E-4	3.0959752321981426E-4	und	0.3846153846153846	1	0	1	0.41335044929396664
	commuter	http://dbpedia.org/ontology/operatedBy	stockholm commuter rail	2	stockholm <adj> rail	NNP NN NN	NNP <adj> NN	0.41335044929396664	0.003436426116838488	0.00819672131147541	0.0018575851393188853	2.063983488132095E-4	2.063983488132095E-4	ter	0.34782608695652173	0	0	2	0.41335044929396664
	new	http://dbpedia.org/ontology/operatedBy	port authority of new york and new jersey	1	port authority of <adj> york and <adj> jersey	NNP NNP IN NNP NNP CC NNP NNP	NNP NNP IN <adj> NNP CC <adj> NNP	0.41335044929396664	0.003436426116838488	0.00819672131147541	0.007533539731682147	1.0319917440660474E-4	1.0319917440660474E-4	new	0.07317073170731703	0	0	7	0.41335044929396664
	steam	http://dbpedia.org/ontology/operatedBy	furka cogwheel steam railway	1	furka cogwheel <adj> railway	NNP NNP NN NN	NN NN <adj> NN	0.41335044929396664	0.003436426116838488	0.00819672131147541	3.0959752321981426E-4	1.0319917440660474E-4	1.0319917440660474E-4	eam	0.1785714285714286	0	0	3	0.41335044929396664
	metropolitan	http://dbpedia.org/ontology/operatedBy	metropolitan railway	1	<adj> railway	NNP NNP	<adj> NNP	0.41335044929396664	0.003436426116838488	0.00819672131147541	0.01042311661506708	1.0319917440660474E-4	1.0319917440660474E-4	tan	0.6	1	0	1	0.41335044929396664
	western	http://dbpedia.org/ontology/operatedBy	new york, susquehanna and western railway	1	new york, susquehanna and <adj> railway	NNP NNP , NNP CC NNP NNP	NNP NNP , NNP CC <adj> NNP	0.41335044929396664	0.003436426116838488	0.00819672131147541	0.051393188854489166	1.0319917440660474E-4	1.0319917440660474E-4	ern	0.1707317073170732	0	0	5	0.41335044929396664
	municipal	http://dbpedia.org/ontology/operatedBy	kyoto municipal transportation bureau	2	kyoto <adj> transportation bureau	NNP NNP NNP NNP	NNP <adj> NNP NNP	0.41335044929396664	0.003436426116838488	0.00819672131147541	0.015170278637770897	2.063983488132095E-4	2.063983488132095E-4	pal	0.2432432432432432	0	0	2	0.41335044929396664
	central	http://dbpedia.org/ontology/operatedBy	central railway zone	5	<adj> railway zone	JJ NN NN	<adj> NNP NNP	0.41335044929396664	0.003436426116838488	0.00819672131147541	0.03632610939112487	5.159958720330237E-4	0.0022703818369453044	ral	0.35	1	0	1	0.41335044929396664
	western	http://dbpedia.org/ontology/operatedBy	western railway zone	2	<adj> railway zone	JJ NN NN	<adj> NNP NNP	0.41335044929396664	0.003436426116838488	0.00819672131147541	0.051393188854489166	2.063983488132095E-4	3.0959752321981426E-4	ern	0.35	1	0	1	0.41335044929396664
	saxon	http://dbpedia.org/ontology/operatedBy	saxon oberlausitz railway company	1	<adj> oberlausitz railway company	NNP NNP NNP NN	<adj> NNP NNP NN	0.41335044929396664	0.003436426116838488	0.00819672131147541	1.0319917440660474E-4	1.0319917440660474E-4	1.0319917440660474E-4	xon	0.1515151515151515	1	0	1	0.41335044929396664
	southern	http://dbpedia.org/ontology/operatedBy	austrian southern railway	1	austrian <adj> railway	JJ JJ NN	JJ <adj> NN	0.41335044929396664	0.003436426116838488	0.00819672131147541	9.287925696594427E-4	1.0319917440660474E-4	1.0319917440660474E-4	ern	0.31999999999999995	0	0	2	0.41335044929396664
	express	http://dbpedia.org/ontology/operatedBy	arlanda express	2	arlanda <adj>	NNP NNP	NNP <adj>	0.41335044929396664	0.003436426116838488	0.00819672131147541	0.006501547987616099	2.063983488132095E-4	2.063983488132095E-4	ess	0.4666666666666667	0	1	2	0.41335044929396664
	federal	http://dbpedia.org/ontology/operatedBy	austrian federal railways	4	austrian <adj> railways	JJ JJ NNS	JJ <adj> NNS	0.41335044929396664	0.003436426116838488	0.00819672131147541	0.0011351909184726522	4.12796697626419E-4	4.12796697626419E-4	ral	0.28	0	0	2	0.41335044929396664
	bay	http://dbpedia.org/ontology/operatedBy	ballymena, cushendall and red bay railway	8	ballymena, cushendall and red <adj> railway	NNP , NNP CC NNP NNP NNP	NNP , NN CC JJ <adj> NN	0.41335044929396664	0.003436426116838488	0.00819672131147541	0.0014447884416924665	8.25593395252838E-4	8.25593395252838E-4	bay	0.07317073170731703	0	0	5	0.41335044929396664
	electric	http://dbpedia.org/ontology/operatedBy	enoshima electric railway	13	enoshima <adj> railway	NNP NNP NNP	NNP <adj> NNP	0.41335044929396664	0.003436426116838488	0.00819672131147541	0.03529411764705882	0.0013415892672858616	0.0013415892672858616	ric	0.31999999999999995	0	0	2	0.41335044929396664
	electric	http://dbpedia.org/ontology/operatedBy	kumamoto electric railway	1	kumamoto <adj> railway	NNP NNP NNP	NNP <adj> NNP	0.41335044929396664	0.003436426116838488	0.00819672131147541	0.03529411764705882	1.0319917440660474E-4	1.0319917440660474E-4	ric	0.31999999999999995	0	0	2	0.41335044929396664
	express	http://dbpedia.org/ontology/operatedBy	virginia railway express	2	virginia railway <adj>	NNP NNP NNP	NNP NNP <adj>	0.41335044929396664	0.003436426116838488	0.00819672131147541	0.006501547987616099	2.063983488132095E-4	2.063983488132095E-4	ess	0.29166666666666663	0	1	3	0.41335044929396664
	watercress	http://dbpedia.org/ontology/operatedBy	watercress line	1	<adj> line	NN NN	<adj> NNP	0.41335044929396664	0.003436426116838488	0.00819672131147541	1.0319917440660474E-4	1.0319917440660474E-4	1.0319917440660474E-4	ess	0.6666666666666667	1	0	1	0.41335044929396664
	swedish	http://dbpedia.org/ontology/operatedBy	swedish transport administration	2	<adj> transport administration	JJ NN NN	<adj> NNP NNP	0.41335044929396664	0.003436426116838488	0.00819672131147541	2.063983488132095E-4	2.063983488132095E-4	2.063983488132095E-4	ish	0.21875	1	0	1	0.41335044929396664
	new	http://dbpedia.org/ontology/operatedBy	new zealand ministry of works	1	<adj> zealand ministry of works	NNP NNP NNP IN NNP	<adj> NNP NNP IN NNP	0.41335044929396664	0.003436426116838488	0.00819672131147541	0.007533539731682147	1.0319917440660474E-4	1.0319917440660474E-4	new	0.10344827586206895	1	0	1	0.41335044929396664
	russian	http://dbpedia.org/ontology/operatedBy	russian railways	2	<adj> railways	NNP NNS	<adj> NNS	0.41335044929396664	0.003436426116838488	0.00819672131147541	2.063983488132095E-4	2.063983488132095E-4	2.063983488132095E-4	ian	0.4375	1	0	1	0.41335044929396664
	national	http://dbpedia.org/ontology/operatedBy	national company for rail transport	1	<adj> company for rail transport	JJ NN IN NN NN	<adj> NN IN NN NN	0.41335044929396664	0.003436426116838488	0.00819672131147541	0.002889576883384933	1.0319917440660474E-4	1.0319917440660474E-4	nal	0.22857142857142854	1	0	1	0.41335044929396664
	electric	http://dbpedia.org/ontology/operatedBy	brihanmumbai electric supply and transport	1	brihanmumbai <adj> supply and transport	NNP NNP NNP CC NNP	FW <adj> NN CC NN	0.41335044929396664	0.003436426116838488	0.00819672131147541	0.03529411764705882	1.0319917440660474E-4	1.0319917440660474E-4	ric	0.19047619047619047	0	0	2	0.41335044929396664
	la	http://dbpedia.org/ontology/operatedBy	ferrocarrils de la generalitat valenciana	1	ferrocarrils de <adj> generalitat valenciana	NNP FW NNP NNP NNP	NNP NNP <adj> NNP NNP	0.41335044929396664	0.003436426116838488	0.00819672131147541	5.159958720330237E-4	1.0319917440660474E-4	1.0319917440660474E-4	la	0.04878048780487809	0	0	3	0.41335044929396664
	limited	http://dbpedia.org/ontology/operatedBy	pune mahanagar parivahan mahamandal limited	1	pune mahanagar parivahan mahamandal <adj>	NNP NNP NNP NNP NNP	NNP NNP NNP NNP <adj>	0.41335044929396664	0.003436426116838488	0.00819672131147541	0.0018575851393188853	1.0319917440660474E-4	1.0319917440660474E-4	ted	0.16279069767441856	0	1	5	0.41335044929396664
	district	http://dbpedia.org/ontology/operatedBy	lahore district	1	lahore <adj>	NNP NNP	NNP <adj>	0.41335044929396664	0.003436426116838488	0.00819672131147541	2.063983488132095E-4	1.0319917440660474E-4	1.0319917440660474E-4	ict	0.5333333333333333	0	1	2	0.41335044929396664
	municipal	http://dbpedia.org/ontology/operatedBy	pune municipal corporation	2	pune <adj> corporation	NNP NNP NNP	NNP <adj> NNP	0.41335044929396664	0.003436426116838488	0.00819672131147541	0.015170278637770897	2.063983488132095E-4	2.063983488132095E-4	pal	0.34615384615384615	0	0	2	0.41335044929396664
	rapid	http://dbpedia.org/ontology/operatedBy	dublin area rapid transit	1	dublin area <adj> transit	NNP NNP NNP NNP	NNP NN <adj> NNP	0.41335044929396664	0.003436426116838488	0.00819672131147541	0.0021671826625387	1.0319917440660474E-4	1.0319917440660474E-4	pid	0.19999999999999996	0	0	3	0.41335044929396664
	central	http://dbpedia.org/ontology/operatedBy	isle of wight central railway	8	isle of wight <adj> railway	NNP IN NNP NNP NNP	NNP IN NNP <adj> NNP	0.41335044929396664	0.003436426116838488	0.00819672131147541	0.03632610939112487	8.25593395252838E-4	8.25593395252838E-4	ral	0.24137931034482762	0	0	4	0.41335044929396664
	metropolitan	http://dbpedia.org/ontology/operatedBy	bangalore metropolitan transport corporation	1	bangalore <adj> transport corporation	NNP NNP NNP NNP	NNP <adj> NNP NNP	0.41335044929396664	0.003436426116838488	0.00819672131147541	0.01042311661506708	1.0319917440660474E-4	1.0319917440660474E-4	tan	0.2727272727272727	0	0	2	0.41335044929396664
	metro	http://dbpedia.org/ontology/operatedBy	i̇zmir metro	2	i̇zmir <adj>	NNP NNP	NNP <adj>	0.41335044929396664	0.003436426116838488	0.00819672131147541	0.017234262125902993	2.063983488132095E-4	2.063983488132095E-4	tro	0.41666666666666663	0	1	2	0.41335044929396664
	eastern	http://dbpedia.org/ontology/operatedBy	london and north eastern railway	4	london and north <adj> railway	NNP CC NNP NNP NNP	NNP CC NNP <adj> NNP	0.41335044929396664	0.003436426116838488	0.00819672131147541	0.011145510835913313	4.12796697626419E-4	4.12796697626419E-4	ern	0.21875	0	0	4	0.41335044929396664
	metro	http://dbpedia.org/ontology/operatedBy	chengdu metro	3	chengdu <adj>	NNP NNP	NNP <adj>	0.41335044929396664	0.003436426116838488	0.00819672131147541	0.017234262125902993	3.0959752321981426E-4	3.0959752321981426E-4	tro	0.3846153846153846	0	1	2	0.41335044929396664
	municipal	http://dbpedia.org/ontology/operatedBy	indore municipal corporation	1	indore <adj> corporation	NNP NNP NNP	NNP <adj> NNP	0.41335044929396664	0.003436426116838488	0.00819672131147541	0.015170278637770897	1.0319917440660474E-4	1.0319917440660474E-4	pal	0.3214285714285714	0	0	2	0.41335044929396664
	western	http://dbpedia.org/ontology/operatedBy	south western railway zone	1	south <adj> railway zone	NNP NNP NNP NNP	NNP <adj> NNP NNP	0.41335044929396664	0.003436426116838488	0.00819672131147541	0.051393188854489166	1.0319917440660474E-4	1.0319917440660474E-4	ern	0.2692307692307693	0	0	2	0.41335044929396664
	electric	http://dbpedia.org/ontology/operatedBy	chikuhō electric railroad line	1	chikuhō <adj> railroad line	NNP NNP NNP NN	NNP <adj> NNP NN	0.41335044929396664	0.003436426116838488	0.00819672131147541	0.03529411764705882	1.0319917440660474E-4	1.0319917440660474E-4	ric	0.2666666666666667	0	0	2	0.41335044929396664
	clear	http://dbpedia.org/ontology/operatedBy	clear channel communications	2	<adj> channel communications	JJ NNP NNPS	<adj> NNP NNPS	0.41335044929396664	0.003436426116838488	0.00819672131147541	2.063983488132095E-4	2.063983488132095E-4	2.063983488132095E-4	ear	0.1785714285714286	1	0	1	0.41335044929396664
	commuter	http://dbpedia.org/ontology/operatedBy	skåne commuter rail	4	skåne <adj> rail	NNP NN NN	NN <adj> NN	0.41335044929396664	0.003436426116838488	0.00819672131147541	0.0018575851393188853	4.12796697626419E-4	4.12796697626419E-4	ter	0.42105263157894735	0	0	2	0.41335044929396664
	orange	http://dbpedia.org/ontology/operatedBy	hisatsu orange railway	3	hisatsu <adj> railway	NNP NNP NNP	NNP <adj> NNP	0.41335044929396664	0.003436426116838488	0.00819672131147541	3.0959752321981426E-4	3.0959752321981426E-4	3.0959752321981426E-4	nge	0.2727272727272727	0	0	2	0.41335044929396664
	first	http://dbpedia.org/ontology/operatedBy	first student canada	1	<adj> student canada	JJ NN NNP	<adj> NNP NNP	0.41335044929396664	0.003436426116838488	0.00819672131147541	0.03952528379772962	1.0319917440660474E-4	1.0319917440660474E-4	rst	0.25	1	0	1	0.41335044929396664
	public	http://dbpedia.org/ontology/operatedBy	sofia public transport	2	sofia <adj> transport	NNP NNP NNP	NNP <adj> NNP	0.41335044929396664	0.003436426116838488	0.00819672131147541	0.0018575851393188853	2.063983488132095E-4	2.063983488132095E-4	lic	0.2727272727272727	0	0	2	0.41335044929396664
	northern	http://dbpedia.org/ontology/operatedBy	northern railway zone	2	<adj> railway zone	JJ NN NN	<adj> NNP NNP	0.41335044929396664	0.003436426116838488	0.00819672131147541	0.05376676986584107	2.063983488132095E-4	2.063983488132095E-4	ern	0.38095238095238093	1	0	1	0.41335044929396664
	go-ahead	http://dbpedia.org/ontology/operatedBy	go-ahead london	1	<adj> london	NN NNP	<adj> NNP	0.41335044929396664	0.003436426116838488	0.00819672131147541	1.0319917440660474E-4	1.0319917440660474E-4	1.0319917440660474E-4	ead	0.5333333333333333	1	0	1	0.41335044929396664
	regional	http://dbpedia.org/ontology/operatedBy	regional municipality of durham	1	<adj> municipality of durham	JJ NN IN NNP	<adj> NN IN NNP	0.41335044929396664	0.003436426116838488	0.00819672131147541	0.0015479876160990713	1.0319917440660474E-4	1.0319917440660474E-4	nal	0.25806451612903225	1	0	1	0.41335044929396664
	la	http://dbpedia.org/ontology/operatedBy	ferrocarrils de la generalitat de catalunya	2	ferrocarrils de <adj> generalitat de catalunya	NNP FW FW FW FW FW	NNP NNP <adj> NNP IN NNP	0.41335044929396664	0.003436426116838488	0.00819672131147541	5.159958720330237E-4	2.063983488132095E-4	2.063983488132095E-4	la	0.046511627906976716	0	0	3	0.41335044929396664
	east	http://dbpedia.org/ontology/operatedBy	east norfolk railway	1	<adj> norfolk railway	NNP NNP NNP	<adj> NNP NNP	0.41335044929396664	0.003436426116838488	0.00819672131147541	0.08937048503611972	1.0319917440660474E-4	1.0319917440660474E-4	ast	0.19999999999999996	1	0	1	0.41335044929396664
	executive	http://dbpedia.org/ontology/operatedBy	tyne and wear passenger transport executive	1	tyne and wear passenger transport <adj>	NNP CC VB NN NN NN	NNP CC VB NN NN <adj>	0.41335044929396664	0.003436426116838488	0.00819672131147541	3.0959752321981426E-4	1.0319917440660474E-4	1.0319917440660474E-4	ive	0.2093023255813954	0	1	6	0.41335044929396664
	uk	http://dbpedia.org/ontology/operatedBy	arriva uk trains	1	arriva <adj> trains	NNP NNP NNS	NNP <adj> NNS	0.41335044929396664	0.003436426116838488	0.00819672131147541	0.0011351909184726522	1.0319917440660474E-4	1.0319917440660474E-4	uk	0.125	0	0	2	0.41335044929396664
	central	http://dbpedia.org/ontology/operatedBy	penn central transportation company	2	penn <adj> transportation company	NNP NNP NNP NN	NNP <adj> NNP NN	0.41335044929396664	0.003436426116838488	0.00819672131147541	0.03632610939112487	2.063983488132095E-4	2.063983488132095E-4	ral	0.19999999999999996	0	0	2	0.41335044929396664
	light	http://dbpedia.org/ontology/operatedBy	light rail transit authority	3	<adj> rail transit authority	JJ NN NN NN	<adj> NNP NNP NNP	0.41335044929396664	0.003436426116838488	0.00819672131147541	0.006501547987616099	3.0959752321981426E-4	3.0959752321981426E-4	ght	0.1785714285714286	1	0	1	0.41335044929396664
	electric	http://dbpedia.org/ontology/operatedBy	sanyo electric railway	1	sanyo <adj> railway	NNP NNP NNP	NNP <adj> NNP	0.41335044929396664	0.003436426116838488	0.00819672131147541	0.03529411764705882	1.0319917440660474E-4	1.0319917440660474E-4	ric	0.36363636363636365	0	0	2	0.41335044929396664
	atlantic	http://dbpedia.org/ontology/operatedBy	new york and atlantic railway	1	new york and <adj> railway	NNP NNP CC NNP NNP	NNP NNP CC <adj> NNP	0.41335044929396664	0.003436426116838488	0.00819672131147541	1.0319917440660474E-4	1.0319917440660474E-4	1.0319917440660474E-4	tic	0.27586206896551724	0	0	4	0.41335044929396664
	executive	http://dbpedia.org/ontology/operatedBy	west yorkshire passenger transport executive	2	west yorkshire passenger transport <adj>	NNP NNP NN NN NN	NNP NNP NN NN <adj>	0.41335044929396664	0.003436426116838488	0.00819672131147541	3.0959752321981426E-4	2.063983488132095E-4	2.063983488132095E-4	ive	0.20454545454545459	0	1	5	0.41335044929396664
	eastern	http://dbpedia.org/ontology/operatedBy	eastern counties railway	5	<adj> counties railway	NNP NNS NN	<adj> NNS NN	0.41335044929396664	0.003436426116838488	0.00819672131147541	0.011145510835913313	5.159958720330237E-4	5.159958720330237E-4	ern	0.29166666666666663	1	0	1	0.41335044929396664
	international	http://dbpedia.org/ontology/operatedBy	braniff international airways	1	braniff <adj> airways	NNP NNP NNPS	NNP <adj> NNPS	0.41335044929396664	0.003436426116838488	0.00819672131147541	4.12796697626419E-4	1.0319917440660474E-4	1.0319917440660474E-4	nal	0.4482758620689655	0	0	2	0.41335044929396664
	urban	http://dbpedia.org/ontology/operatedBy	jawaharlal nehru national urban renewal mission	1	jawaharlal nehru national <adj> renewal mission	NNP NNP NNP NNP NN NN	NNP NNP NNP <adj> NN NN	0.41335044929396664	0.003436426116838488	0.00819672131147541	0.0020639834881320948	1.0319917440660474E-4	1.0319917440660474E-4	ban	0.1063829787234043	0	0	4	0.41335044929396664
	cultural	http://dbpedia.org/ontology/operatedBy	leisure and cultural services department	1	leisure and <adj> services department	NN CC JJ NNS NN	NN CC <adj> NNS NN	0.41335044929396664	0.003436426116838488	0.00819672131147541	1.0319917440660474E-4	1.0319917440660474E-4	1.0319917440660474E-4	ral	0.19999999999999996	0	0	3	0.41335044929396664
	east	http://dbpedia.org/ontology/operatedBy	kent and east sussex railway	3	kent and <adj> sussex railway	NNP CC NNP NNP NNP	NNP CC <adj> NNP NNP	0.41335044929396664	0.003436426116838488	0.00819672131147541	0.08937048503611972	3.0959752321981426E-4	3.0959752321981426E-4	ast	0.1428571428571429	0	0	3	0.41335044929396664
	international	http://dbpedia.org/ontology/operatedBy	dallas/fort worth international airport	1	dallas/fort worth <adj> airport	NNP NNP NNP NNP	NNP NNP <adj> NNP	0.41335044929396664	0.003436426116838488	0.00819672131147541	4.12796697626419E-4	1.0319917440660474E-4	1.0319917440660474E-4	nal	0.33333333333333337	0	0	3	0.41335044929396664
	state	http://dbpedia.org/ontology/operatedBy	rajasthan state road transport corporation	1	rajasthan <adj> road transport corporation	NNP NNP NNP NNP NNP	NNP <adj> NN NN NN	0.41335044929396664	0.003436426116838488	0.00819672131147541	0.03890608875128999	1.0319917440660474E-4	1.0319917440660474E-4	ate	0.11904761904761907	0	0	2	0.41335044929396664
	light	http://dbpedia.org/ontology/operatedBy	east kent light railway	11	east kent <adj> railway	NNP NNP JJ NN	NNP NNP <adj> NNP	0.41335044929396664	0.003436426116838488	0.00819672131147541	0.006501547987616099	0.0011351909184726522	0.0011351909184726522	ght	0.21739130434782605	0	0	3	0.41335044929396664
	main	http://dbpedia.org/ontology/operatedBy	meitetsu nagoya main line	1	meitetsu nagoya <adj> line	NNP NNP JJ NN	NNP NNP <adj> NN	0.41335044929396664	0.003436426116838488	0.00819672131147541	2.063983488132095E-4	1.0319917440660474E-4	1.0319917440660474E-4	ain	0.16000000000000003	0	0	3	0.41335044929396664
	express	http://dbpedia.org/ontology/operatedBy	chizu express	2	chizu <adj>	NNP NNP	NNP <adj>	0.41335044929396664	0.003436426116838488	0.00819672131147541	0.006501547987616099	2.063983488132095E-4	2.063983488132095E-4	ess	0.5384615384615384	0	1	2	0.41335044929396664
	southern	http://dbpedia.org/ontology/operatedBy	norfolk southern railway	2	norfolk <adj> railway	NNP NNP NNP	NNP <adj> NNP	0.41335044929396664	0.003436426116838488	0.00819672131147541	9.287925696594427E-4	2.063983488132095E-4	2.063983488132095E-4	ern	0.33333333333333337	0	0	2	0.41335044929396664
	indian	http://dbpedia.org/ontology/operatedBy	indian railways	6	<adj> railways	JJ NNS	<adj> NNS	0.41335044929396664	0.003436426116838488	0.00819672131147541	7.223942208462332E-4	6.191950464396285E-4	6.191950464396285E-4	ian	0.4	1	0	1	0.41335044929396664
	commuter	http://dbpedia.org/ontology/operatedBy	oslo commuter rail	3	oslo <adj> rail	NNP NN NN	NNP <adj> NN	0.41335044929396664	0.003436426116838488	0.00819672131147541	0.0018575851393188853	3.0959752321981426E-4	3.0959752321981426E-4	ter	0.4444444444444444	0	0	2	0.41335044929396664
	union	http://dbpedia.org/ontology/operatedBy	eastern union railway	6	eastern <adj> railway	NNP NNP NNP	NNP <adj> NNP	0.41335044929396664	0.003436426116838488	0.00819672131147541	6.191950464396285E-4	6.191950464396285E-4	6.191950464396285E-4	ion	0.23809523809523814	0	0	2	0.41335044929396664
	municipal	http://dbpedia.org/ontology/operatedBy	nagoya municipal subway	2	nagoya <adj> subway	NNP NNP NN	NNP <adj> NN	0.41335044929396664	0.003436426116838488	0.00819672131147541	0.015170278637770897	2.063983488132095E-4	2.063983488132095E-4	pal	0.3913043478260869	0	0	2	0.41335044929396664
	little	http://dbpedia.org/ontology/operatedBy	edenham and little bytham railway	1	edenham and <adj> bytham railway	NNP CC JJ NN NN	NNP CC <adj> NNP NNP	0.41335044929396664	0.003436426116838488	0.00819672131147541	1.0319917440660474E-4	1.0319917440660474E-4	1.0319917440660474E-4	tle	0.18181818181818177	0	0	3	0.41335044929396664
	district	http://dbpedia.org/ontology/operatedBy	paisley and barrhead district railway	1	paisley and barrhead <adj> railway	NNP CC NNP NNP NNP	NNP CC NNP <adj> NNP	0.41335044929396664	0.003436426116838488	0.00819672131147541	2.063983488132095E-4	1.0319917440660474E-4	1.0319917440660474E-4	ict	0.21621621621621623	0	0	4	0.41335044929396664
	state	http://dbpedia.org/ontology/operatedBy	hungarian state railways	1	hungarian <adj> railways	JJ NN NNS	JJ <adj> NNS	0.41335044929396664	0.003436426116838488	0.00819672131147541	0.03890608875128999	1.0319917440660474E-4	1.0319917440660474E-4	ate	0.20833333333333337	0	0	2	0.41335044929396664
	historical	http://dbpedia.org/ontology/operatedBy	oregon electric railway historical society	1	oregon electric railway <adj> society	NNP NNP NNP JJ NN	NNP NNP NNP <adj> NNP	0.41335044929396664	0.003436426116838488	0.00819672131147541	1.0319917440660474E-4	1.0319917440660474E-4	1.0319917440660474E-4	cal	0.23809523809523814	0	0	4	0.41335044929396664
	metropolitan	http://dbpedia.org/ontology/operatedBy	metropolitan council	1	<adj> council	NNP NNP	<adj> NNP	0.41335044929396664	0.003436426116838488	0.00819672131147541	0.01042311661506708	1.0319917440660474E-4	1.0319917440660474E-4	tan	0.6	1	0	1	0.41335044929396664
	metro	http://dbpedia.org/ontology/operatedBy	line 2, shanghai metro	2	line 2, shanghai <adj>	NN CD , NNP NNP	NN CD , NNP <adj>	0.41335044929396664	0.003436426116838488	0.00819672131147541	0.017234262125902993	2.063983488132095E-4	2.063983488132095E-4	tro	0.2272727272727273	0	1	4	0.41335044929396664
	latvian	http://dbpedia.org/ontology/operatedBy	latvian railways	17	<adj> railways	JJ NNS	<adj> NNS	0.41335044929396664	0.003436426116838488	0.00819672131147541	0.0017543859649122807	0.0017543859649122807	0.0017543859649122807	ian	0.4375	1	0	1	0.41335044929396664
	south	http://dbpedia.org/ontology/operatedBy	rail corporation new south wales	1	rail corporation new <adj> wales	NN NN JJ NNP NNP	NN NN JJ <adj> NNP	0.41335044929396664	0.003436426116838488	0.00819672131147541	0.004231166150670795	1.0319917440660474E-4	1.0319917440660474E-4	uth	0.15625	0	0	4	0.41335044929396664
	grand	http://dbpedia.org/ontology/operatedBy	grand junction railway	1	<adj> junction railway	NNP NN NN	<adj> NN NN	0.41335044929396664	0.003436426116838488	0.00819672131147541	2.063983488132095E-4	1.0319917440660474E-4	1.0319917440660474E-4	and	0.2272727272727273	1	0	1	0.41335044929396664
	rapid	http://dbpedia.org/ontology/operatedBy	rapid transit	1	<adj> transit	JJ NN	<adj> NNP	0.41335044929396664	0.003436426116838488	0.00819672131147541	0.0021671826625387	1.0319917440660474E-4	0.0014447884416924665	pid	0.3846153846153846	1	0	1	0.41335044929396664
	british	http://dbpedia.org/ontology/operatedBy	british rail	6	<adj> rail	NNP NNP	<adj> NNP	0.41335044929396664	0.003436426116838488	0.00819672131147541	0.0021671826625387	6.191950464396285E-4	0.0021671826625387	ish	0.5833333333333333	1	0	1	0.41335044929396664
	metro	http://dbpedia.org/ontology/operatedBy	guangzhou metro	6	guangzhou <adj>	NNP NNP	NNP <adj>	0.41335044929396664	0.003436426116838488	0.00819672131147541	0.017234262125902993	6.191950464396285E-4	6.191950464396285E-4	tro	0.33333333333333337	0	1	2	0.41335044929396664
	rapid	http://dbpedia.org/ontology/operatedBy	bus rapid transit	1	bus <adj> transit	NN JJ NN	NN <adj> NNP	0.41335044929396664	0.003436426116838488	0.00819672131147541	0.0021671826625387	1.0319917440660474E-4	1.0319917440660474E-4	pid	0.2941176470588235	0	0	2	0.41335044929396664
	live	http://dbpedia.org/ontology/operatedBy	aeg live	1	aeg <adj>	NNP NNP	NNP <adj>	0.41335044929396664	0.003436426116838488	0.00819672131147541	1.0319917440660474E-4	1.0319917440660474E-4	1.0319917440660474E-4	ive	0.5	0	1	2	0.41335044929396664
	hospital	http://dbpedia.org/ontology/operatedBy	huntsville hospital system	1	huntsville <adj> system	NNP NNP NNP	NNP <adj> NNP	0.41335044929396664	0.003436426116838488	0.00819672131147541	1.0319917440660474E-4	1.0319917440660474E-4	1.0319917440660474E-4	tal	0.3076923076923077	0	0	2	0.41335044929396664
	pacific	http://dbpedia.org/ontology/operatedBy	canadian pacific railway	1	canadian <adj> railway	NNP NNP NN	JJ <adj> NN	0.41335044929396664	0.003436426116838488	0.00819672131147541	7.223942208462332E-4	1.0319917440660474E-4	1.0319917440660474E-4	fic	0.29166666666666663	0	0	2	0.41335044929396664
	regional	http://dbpedia.org/ontology/operatedBy	regional bus and rail company of canton ticino	1	<adj> bus and rail company of canton ticino	JJ NN CC NN NN IN NNP NNP	<adj> NNP CC NN NN IN NNP NNP	0.41335044929396664	0.003436426116838488	0.00819672131147541	0.0015479876160990713	1.0319917440660474E-4	1.0319917440660474E-4	nal	0.17391304347826086	1	0	1	0.41335044929396664
	wight	http://dbpedia.org/ontology/operatedBy	isle of wight railway	2	isle of <adj> railway	NNP IN NNP NNP	NNP IN <adj> NNP	0.41335044929396664	0.003436426116838488	0.00819672131147541	2.063983488132095E-4	2.063983488132095E-4	2.063983488132095E-4	ght	0.23809523809523814	0	0	3	0.41335044929396664
	capital	http://dbpedia.org/ontology/operatedBy	mta capital construction	1	mta <adj> construction	NNP NNP NNP	NNP <adj> NN	0.41335044929396664	0.003436426116838488	0.00819672131147541	0.008978328173374612	1.0319917440660474E-4	1.0319917440660474E-4	tal	0.29166666666666663	0	0	2	0.41335044929396664
	serbian	http://dbpedia.org/ontology/operatedBy	serbian railways	2	<adj> railways	JJ NNS	<adj> NNS	0.41335044929396664	0.003436426116838488	0.00819672131147541	2.063983488132095E-4	2.063983488132095E-4	2.063983488132095E-4	ian	0.4375	1	0	1	0.41335044929396664
	civil	http://dbpedia.org/ontology/operatedBy	civil aviation authority of singapore	1	<adj> aviation authority of singapore	NNP NNP NNP IN NNP	<adj> NNP NNP IN NNP	0.41335044929396664	0.003436426116838488	0.00819672131147541	1.0319917440660474E-4	1.0319917440660474E-4	1.0319917440660474E-4	vil	0.1351351351351351	1	0	1	0.41335044929396664
	first	http://dbpedia.org/ontology/operatedBy	first potteries	1	<adj> potteries	RB NNPS	<adj> NNPS	0.41335044929396664	0.003436426116838488	0.00819672131147541	0.03952528379772962	1.0319917440660474E-4	1.0319917440660474E-4	rst	0.33333333333333337	1	0	1	0.41335044929396664
	metro	http://dbpedia.org/ontology/operatedBy	delhi metro rail corporation	1	delhi <adj> rail corporation	NNP NNP NN NN	NNP <adj> NN NN	0.41335044929396664	0.003436426116838488	0.00819672131147541	0.017234262125902993	1.0319917440660474E-4	1.0319917440660474E-4	tro	0.1785714285714286	0	0	2	0.41335044929396664
	state	http://dbpedia.org/ontology/operatedBy	bulgarian state railways	1	bulgarian <adj> railways	JJ NN NNS	JJ <adj> NNS	0.41335044929396664	0.003436426116838488	0.00819672131147541	0.03890608875128999	1.0319917440660474E-4	1.0319917440660474E-4	ate	0.20833333333333337	0	0	2	0.41335044929396664
	pacific	http://dbpedia.org/ontology/operatedBy	california pacific railroad	1	california <adj> railroad	NNP NNP NN	NNP <adj> NNP	0.41335044929396664	0.003436426116838488	0.00819672131147541	7.223942208462332E-4	1.0319917440660474E-4	1.0319917440660474E-4	fic	0.2592592592592593	0	0	2	0.41335044929396664
	urban	http://dbpedia.org/ontology/operatedBy	karachi urban transport corporation	1	karachi <adj> transport corporation	NNP NNP NNP NNP	NNP <adj> NNP NNP	0.41335044929396664	0.003436426116838488	0.00819672131147541	0.0020639834881320948	1.0319917440660474E-4	1.0319917440660474E-4	ban	0.1428571428571429	0	0	2	0.41335044929396664
	midland	http://dbpedia.org/ontology/operatedBy	york and north midland railway	2	york and north <adj> railway	NNP CC NNP NNP NNP	NNP CC NNP <adj> NNP	0.41335044929396664	0.003436426116838488	0.00819672131147541	0.025077399380804954	2.063983488132095E-4	2.063983488132095E-4	and	0.23333333333333328	0	0	4	0.41335044929396664
	grand	http://dbpedia.org/ontology/operatedBy	grand river transit	1	<adj> river transit	NNP NNP NNP	<adj> NNP NNP	0.41335044929396664	0.003436426116838488	0.00819672131147541	2.063983488132095E-4	1.0319917440660474E-4	1.0319917440660474E-4	and	0.26315789473684215	1	0	1	0.41335044929396664
	rapid	http://dbpedia.org/ontology/operatedBy	metropolitan atlanta rapid transit authority	2	metropolitan atlanta <adj> transit authority	NNP NNP JJ NN NN	NNP NNP <adj> NNP NNP	0.41335044929396664	0.003436426116838488	0.00819672131147541	0.0021671826625387	2.063983488132095E-4	2.063983488132095E-4	pid	0.11363636363636365	0	0	3	0.41335044929396664
	british	http://dbpedia.org/ontology/operatedBy	southern region of british railways	1	southern region of <adj> railways	JJ NN IN JJ NNS	JJ NN IN <adj> NNS	0.41335044929396664	0.003436426116838488	0.00819672131147541	0.0021671826625387	1.0319917440660474E-4	1.0319917440660474E-4	ish	0.19999999999999996	0	0	4	0.41335044929396664
	southern	http://dbpedia.org/ontology/operatedBy	southern railway zone	5	<adj> railway zone	NNP NNP NNP	<adj> NNP NNP	0.41335044929396664	0.003436426116838488	0.00819672131147541	9.287925696594427E-4	5.159958720330237E-4	5.159958720330237E-4	ern	0.38095238095238093	1	0	1	0.41335044929396664
	1	http://dbpedia.org/ontology/operatedBy	tcdd district 1	1	tcdd district <adj>	NN NN CD	NN NN <adj>	0.41335044929396664	0.003436426116838488	0.00819672131147541	1.0319917440660474E-4	1.0319917440660474E-4	1.0319917440660474E-4	1	0.06666666666666665	0	1	3	0.41335044929396664
	friary	http://dbpedia.org/ontology/operatedBy	plymouth friary railway station	1	plymouth <adj> railway station	NNP NNP NNP NN	NNP <adj> NNP NN	0.41335044929396664	0.003436426116838488	0.00819672131147541	1.0319917440660474E-4	1.0319917440660474E-4	1.0319917440660474E-4	ary	0.19354838709677424	0	0	2	0.41335044929396664
	plus	http://dbpedia.org/ontology/operatedBy	plus expressways	1	<adj> expressways	CC NNPS	<adj> NNPS	0.41335044929396664	0.003436426116838488	0.00819672131147541	1.0319917440660474E-4	1.0319917440660474E-4	1.0319917440660474E-4	lus	0.25	1	0	1	0.41335044929396664
	metro	http://dbpedia.org/ontology/operatedBy	mexico city metro	2	mexico city <adj>	NNP NNP NNP	NNP NNP <adj>	0.41335044929396664	0.003436426116838488	0.00819672131147541	0.017234262125902993	2.063983488132095E-4	2.063983488132095E-4	tro	0.2941176470588235	0	1	3	0.41335044929396664
	japanese	http://dbpedia.org/ontology/operatedBy	japanese government railways	1	<adj> government railways	JJ NN NNS	<adj> NNP NNS	0.41335044929396664	0.003436426116838488	0.00819672131147541	1.0319917440660474E-4	1.0319917440660474E-4	1.0319917440660474E-4	ese	0.2857142857142857	1	0	1	0.41335044929396664
	seaside	http://dbpedia.org/ontology/operatedBy	kanazawa seaside line	1	kanazawa <adj> line	NNP NNP NN	NNP <adj> NN	0.41335044929396664	0.003436426116838488	0.00819672131147541	1.0319917440660474E-4	1.0319917440660474E-4	1.0319917440660474E-4	ide	0.33333333333333337	0	0	2	0.41335044929396664
	indian	http://dbpedia.org/ontology/operatedBy	great indian peninsula railway	1	great <adj> peninsula railway	JJ JJ NN NN	NNP <adj> NNP NNP	0.41335044929396664	0.003436426116838488	0.00819672131147541	7.223942208462332E-4	1.0319917440660474E-4	1.0319917440660474E-4	ian	0.19999999999999996	0	0	2	0.41335044929396664
	trust	http://dbpedia.org/ontology/operatedBy	sanket trust	1	sanket <adj>	NNP NNP	NNP <adj>	0.41335044929396664	0.003436426116838488	0.00819672131147541	1.0319917440660474E-4	1.0319917440660474E-4	1.0319917440660474E-4	ust	0.41666666666666663	0	1	2	0.41335044929396664
	hale	http://dbpedia.org/ontology/operatedBy	charles hale hoyt	1	charles <adj> hoyt	NNP NNP NNP	NNP <adj> NNP	0.41335044929396664	0.003436426116838488	0.00819672131147541	1.0319917440660474E-4	1.0319917440660474E-4	1.0319917440660474E-4	ale	0.23529411764705888	0	0	2	0.41335044929396664
	urban	http://dbpedia.org/ontology/operatedBy	rajkot urban development authority	1	rajkot <adj> development authority	NNP NNP NNP NNP	NNP <adj> NNP NNP	0.41335044929396664	0.003436426116838488	0.00819672131147541	0.0020639834881320948	1.0319917440660474E-4	1.0319917440660474E-4	ban	0.1470588235294118	0	0	2	0.41335044929396664
	municipal	http://dbpedia.org/ontology/operatedBy	rajkot municipal corporation	1	rajkot <adj> corporation	NNP NNP NNP	NNP <adj> NNP	0.41335044929396664	0.003436426116838488	0.00819672131147541	0.015170278637770897	1.0319917440660474E-4	1.0319917440660474E-4	pal	0.3214285714285714	0	0	2	0.41335044929396664
	electric	http://dbpedia.org/ontology/operatedBy	hiroshima electric railway	1	hiroshima <adj> railway	NNP NNP NNP	NNP <adj> NNP	0.41335044929396664	0.003436426116838488	0.00819672131147541	0.03529411764705882	1.0319917440660474E-4	1.0319917440660474E-4	ric	0.3076923076923077	0	0	2	0.41335044929396664
	locomotive	http://dbpedia.org/ontology/operatedBy	pacific locomotive association	1	pacific <adj> association	NNP NN NN	NNP <adj> NNP	0.41335044929396664	0.003436426116838488	0.00819672131147541	1.0319917440660474E-4	1.0319917440660474E-4	1.0319917440660474E-4	ive	0.33333333333333337	0	0	2	0.41335044929396664
	metropolitan	http://dbpedia.org/ontology/operatedBy	lagos metropolitan area transport authority	1	lagos <adj> area transport authority	NNP NNP NN NN NN	NNP <adj> NN NN NN	0.41335044929396664	0.003436426116838488	0.00819672131147541	0.01042311661506708	1.0319917440660474E-4	1.0319917440660474E-4	tan	0.2790697674418605	0	0	2	0.41335044929396664
	new	http://dbpedia.org/ontology/operatedBy	atlantic city, new jersey	1	atlantic city, <adj> jersey	NNP NNP , NNP NNP	NNP NNP , <adj> NNP	0.41335044929396664	0.003436426116838488	0.00819672131147541	0.007533539731682147	1.0319917440660474E-4	1.0319917440660474E-4	new	0.12	0	0	3	0.41335044929396664
	metro	http://dbpedia.org/ontology/operatedBy	travel midland metro	1	travel midland <adj>	NN NNP NNP	NN NNP <adj>	0.41335044929396664	0.003436426116838488	0.00819672131147541	0.017234262125902993	1.0319917440660474E-4	1.0319917440660474E-4	tro	0.25	0	1	3	0.41335044929396664
	metro	http://dbpedia.org/ontology/operatedBy	chennai metro	1	chennai <adj>	NNP NNP	NNP <adj>	0.41335044929396664	0.003436426116838488	0.00819672131147541	0.017234262125902993	1.0319917440660474E-4	1.0319917440660474E-4	tro	0.3846153846153846	0	1	2	0.41335044929396664
	scottish	http://dbpedia.org/ontology/operatedBy	london, midland and scottish railway	3	london, midland and <adj> railway	NNP , NNP CC NNP NNP	NNP , NNP CC <adj> NNP	0.41335044929396664	0.003436426116838488	0.00819672131147541	3.0959752321981426E-4	3.0959752321981426E-4	3.0959752321981426E-4	ish	0.2222222222222222	0	0	4	0.41335044929396664
	eastern	http://dbpedia.org/ontology/operatedBy	south eastern trains	1	south <adj> trains	NNP NNP NNS	NNP <adj> NNS	0.41335044929396664	0.003436426116838488	0.00819672131147541	0.011145510835913313	1.0319917440660474E-4	1.0319917440660474E-4	ern	0.35	0	0	2	0.41335044929396664
	port	http://dbpedia.org/ontology/operatedBy	port of seattle	1	<adj> of seattle	NNP IN NNP	<adj> IN NNP	0.41335044929396664	0.003436426116838488	0.00819672131147541	0.0010319917440660474	1.0319917440660474E-4	1.0319917440660474E-4	ort	0.2666666666666667	1	0	1	0.41335044929396664
	regional	http://dbpedia.org/ontology/operatedBy	mta regional bus operations	1	mta <adj> bus operations	NNP JJ NN NNS	NNP <adj> NN NNS	0.41335044929396664	0.003436426116838488	0.00819672131147541	0.0015479876160990713	1.0319917440660474E-4	1.0319917440660474E-4	nal	0.2962962962962963	0	0	2	0.41335044929396664
	regal	http://dbpedia.org/ontology/operatedBy	regal entertainment group	1	<adj> entertainment group	NNP NNP NNP	<adj> NNP NNP	0.41335044929396664	0.003436426116838488	0.00819672131147541	1.0319917440660474E-4	1.0319917440660474E-4	1.0319917440660474E-4	gal	0.19999999999999996	1	0	1	0.41335044929396664
	new	http://dbpedia.org/ontology/operatedBy	new york city subway	1	<adj> york city subway	NNP NNP NNP NN	<adj> NNP NNP NN	0.41335044929396664	0.003436426116838488	0.00819672131147541	0.007533539731682147	1.0319917440660474E-4	1.0319917440660474E-4	new	0.15000000000000002	1	0	1	0.41335044929396664
	municipal	http://dbpedia.org/ontology/operatedBy	madurai municipal corporation	1	madurai <adj> corporation	NNP NNP NNP	NNP <adj> NNP	0.41335044929396664	0.003436426116838488	0.00819672131147541	0.015170278637770897	1.0319917440660474E-4	1.0319917440660474E-4	pal	0.31034482758620685	0	0	2	0.41335044929396664
	municipal	http://dbpedia.org/ontology/operatedBy	greater hyderabad municipal corporation	1	greater hyderabad <adj> corporation	JJR NNP JJ NN	JJR NNP <adj> NNP	0.41335044929396664	0.003436426116838488	0.00819672131147541	0.015170278637770897	1.0319917440660474E-4	1.0319917440660474E-4	pal	0.23076923076923073	0	0	3	0.41335044929396664
	side	http://dbpedia.org/ontology/operatedBy	flushing and north side railroad	1	flushing and north <adj> railroad	NNP CC NNP NNP NNP	NNP CC NNP <adj> NNP	0.41335044929396664	0.003436426116838488	0.00819672131147541	1.0319917440660474E-4	1.0319917440660474E-4	1.0319917440660474E-4	ide	0.125	0	0	4	0.41335044929396664
	western	http://dbpedia.org/ontology/operatedBy	midland and south western junction railway	1	midland and south <adj> junction railway	NNP CC NNP NNP NN NN	NNP CC NNP <adj> NN NN	0.41335044929396664	0.003436426116838488	0.00819672131147541	0.051393188854489166	1.0319917440660474E-4	1.0319917440660474E-4	ern	0.16666666666666663	0	0	4	0.41335044929396664
	metro	http://dbpedia.org/ontology/operatedBy	taipei metro	1	taipei <adj>	NNP NNP	NNP <adj>	0.41335044929396664	0.003436426116838488	0.00819672131147541	0.017234262125902993	1.0319917440660474E-4	1.0319917440660474E-4	tro	0.41666666666666663	0	1	2	0.41335044929396664
	per	http://dbpedia.org/ontology/operatedBy	società per le strade ferrate romane	1	società <adj> le strade ferrate romane	NN IN NNP NNP NNP NNP	NNP <adj> NNP NNP NNP NNP	0.41335044929396664	0.003436426116838488	0.00819672131147541	2.063983488132095E-4	1.0319917440660474E-4	1.0319917440660474E-4	per	0.08333333333333337	0	0	2	0.41335044929396664
	municipal	http://dbpedia.org/ontology/operatedBy	coimbatore city municipal corporation	1	coimbatore city <adj> corporation	NNP NNP JJ NN	NNP NNP <adj> NNP	0.41335044929396664	0.003436426116838488	0.00819672131147541	0.015170278637770897	1.0319917440660474E-4	1.0319917440660474E-4	pal	0.2432432432432432	0	0	3	0.41335044929396664
	state	http://dbpedia.org/ontology/operatedBy	andhra pradesh state road transport corporation	1	andhra pradesh <adj> road transport corporation	NNP NNP NN NN NN NN	NNP NNP <adj> NN NN NN	0.41335044929396664	0.003436426116838488	0.00819672131147541	0.03890608875128999	1.0319917440660474E-4	1.0319917440660474E-4	ate	0.1063829787234043	0	0	3	0.41335044929396664
	north	http://dbpedia.org/ontology/operatedBy	great north of scotland railway	1	great <adj> of scotland railway	JJ NN IN NNP NNP	JJ <adj> IN NNP NNP	0.41335044929396664	0.003436426116838488	0.00819672131147541	0.0017543859649122807	1.0319917440660474E-4	1.0319917440660474E-4	rth	0.16129032258064513	0	0	2	0.41335044929396664
	express	http://dbpedia.org/ontology/operatedBy	stansted express	1	stansted <adj>	NNP NNP	VBN <adj>	0.41335044929396664	0.003436426116838488	0.00819672131147541	0.006501547987616099	1.0319917440660474E-4	1.0319917440660474E-4	ess	0.4375	0	1	2	0.41335044929396664
	per	http://dbpedia.org/ontology/operatedBy	società per le strade ferrate meridionali	1	società <adj> le strade ferrate meridionali	NN IN NNP NNP JJ NN	NNP <adj> NNP NNP JJ NN	0.41335044929396664	0.003436426116838488	0.00819672131147541	2.063983488132095E-4	1.0319917440660474E-4	1.0319917440660474E-4	per	0.07317073170731703	0	0	2	0.41335044929396664
	light	http://dbpedia.org/ontology/operatedBy	toyama light rail toyamakō line	1	toyama <adj> rail toyamakō line	NNP NNP NN NN NN	NNP <adj> NN NN NN	0.41335044929396664	0.003436426116838488	0.00819672131147541	0.006501547987616099	1.0319917440660474E-4	1.0319917440660474E-4	ght	0.16129032258064513	0	0	2	0.41335044929396664
	regional	http://dbpedia.org/ontology/operatedBy	southwest ohio regional transit authority	1	southwest ohio <adj> transit authority	NNP NNP NNP NNP NNP	NNP NNP <adj> NNP NNP	0.41335044929396664	0.003436426116838488	0.00819672131147541	0.0015479876160990713	1.0319917440660474E-4	1.0319917440660474E-4	nal	0.19512195121951215	0	0	3	0.41335044929396664
	public	http://dbpedia.org/ontology/operatedBy	the public theater	1	the <adj> theater	DT JJ NN	DT <adj> NNP	0.41335044929396664	0.003436426116838488	0.00819672131147541	0.0018575851393188853	1.0319917440660474E-4	1.0319917440660474E-4	lic	0.33333333333333337	0	0	2	0.41335044929396664
	operating	http://dbpedia.org/ontology/operatedBy	train operating company	1	train <adj> company	NN VBG NN	NN <adj> NN	0.41335044929396664	0.003436426116838488	0.00819672131147541	1.0319917440660474E-4	1.0319917440660474E-4	1.0319917440660474E-4	ing	0.3913043478260869	0	0	2	0.41335044929396664
	metro	http://dbpedia.org/ontology/operatedBy	metro rail transit corporation	1	<adj> rail transit corporation	NNP NNP NNP NN	<adj> NNP NNP NN	0.41335044929396664	0.003436426116838488	0.00819672131147541	0.017234262125902993	1.0319917440660474E-4	1.0319917440660474E-4	tro	0.16666666666666663	1	0	1	0.41335044929396664
	la	http://dbpedia.org/ontology/operatedBy	transports publics de la région lausannoise	1	transports publics de <adj> région <adj>usannoise	NNS NNS IN DT NNP NN	NNS NNS IN <adj> NN <adj> NN	0.41335044929396664	0.003436426116838488	0.00819672131147541	5.159958720330237E-4	1.0319917440660474E-4	1.0319917440660474E-4	la	0.046511627906976716	0	0	4	0.41335044929396664
	metro	http://dbpedia.org/ontology/operatedBy	seoul metro	1	seoul <adj>	NNP NNP	NNP <adj>	0.41335044929396664	0.003436426116838488	0.00819672131147541	0.017234262125902993	1.0319917440660474E-4	2.063983488132095E-4	tro	0.4545454545454546	0	1	2	0.41335044929396664
	british	http://dbpedia.org/ontology/operatedBy	north eastern region of british railways	2	north eastern region of <adj> railways	NNP NNP NN IN JJ NNS	NNP NNP NN IN <adj> NNS	0.41335044929396664	0.003436426116838488	0.00819672131147541	0.0021671826625387	2.063983488132095E-4	2.063983488132095E-4	ish	0.17500000000000004	0	0	5	0.41335044929396664
	rapid	http://dbpedia.org/ontology/operatedBy	seoul metropolitan rapid transit corporation	1	seoul metropolitan <adj> transit corporation	NNP NNP NNP NNP NN	NNP NNP <adj> NNP NN	0.41335044929396664	0.003436426116838488	0.00819672131147541	0.0021671826625387	1.0319917440660474E-4	1.0319917440660474E-4	pid	0.11363636363636365	0	0	3	0.41335044929396664
	north	http://dbpedia.org/ontology/operatedBy	town of north fremantle	1	town of <adj> fremantle	NN IN JJ NNP	NN IN <adj> NNP	0.41335044929396664	0.003436426116838488	0.00819672131147541	0.0017543859649122807	1.0319917440660474E-4	1.0319917440660474E-4	rth	0.21739130434782605	0	0	3	0.41335044929396664
	world	http://dbpedia.org/ontology/operatedBy	walt disney world	1	walt disney <adj>	NNP NNP NNP	NNP NNP <adj>	0.41335044929396664	0.003436426116838488	0.00819672131147541	1.0319917440660474E-4	1.0319917440660474E-4	1.0319917440660474E-4	rld	0.2941176470588235	0	1	3	0.41335044929396664
	cambrian	http://dbpedia.org/ontology/operatedBy	cambrian railways	1	<adj> railways	NNP NNS	<adj> NNS	0.41335044929396664	0.003436426116838488	0.00819672131147541	1.0319917440660474E-4	1.0319917440660474E-4	1.0319917440660474E-4	ian	0.47058823529411764	1	0	1	0.41335044929396664
	britain	http://dbpedia.org/ontology/operatedBy	heritage great britain plc	1	heritage great <adj> plc	NNP NNP NNP NNP	NNP NNP <adj> NNP	0.41335044929396664	0.003436426116838488	0.00819672131147541	1.0319917440660474E-4	1.0319917440660474E-4	1.0319917440660474E-4	ain	0.2692307692307693	0	0	3	0.41335044929396664
	metropolitan	http://dbpedia.org/ontology/operatedBy	daegu metropolitan transit corporation	1	daegu <adj> transit corporation	NNP NNP NNP NN	NNP <adj> NNP NN	0.41335044929396664	0.003436426116838488	0.00819672131147541	0.01042311661506708	1.0319917440660474E-4	1.0319917440660474E-4	tan	0.3157894736842105	0	0	2	0.41335044929396664
	frontier	http://dbpedia.org/ontology/operatedBy	northeast frontier railway zone	10	northeast <adj> railway zone	NNP NNP NNP NNP	NNP <adj> NNP NNP	0.41335044929396664	0.003436426116838488	0.00819672131147541	0.0011351909184726522	0.0010319917440660474	0.0010319917440660474	ier	0.25806451612903225	0	0	2	0.41335044929396664
	state	http://dbpedia.org/ontology/operatedBy	washington state department of transportation	1	washington <adj> department of transportation	NNP NNP NNP IN NNP	NNP <adj> NNP IN NNP	0.41335044929396664	0.003436426116838488	0.00819672131147541	0.03890608875128999	1.0319917440660474E-4	1.0319917440660474E-4	ate	0.11111111111111116	0	0	2	0.41335044929396664
	light	http://dbpedia.org/ontology/operatedBy	changchun light rail transit	2	changchun <adj> rail transit	NNP NNP NNP NNP	NNP <adj> NNP NNP	0.41335044929396664	0.003436426116838488	0.00819672131147541	0.006501547987616099	2.063983488132095E-4	2.063983488132095E-4	ght	0.1785714285714286	0	0	2	0.41335044929396664
	suburban	http://dbpedia.org/ontology/operatedBy	beijing suburban railway	1	beijing <adj> railway	NNP JJ NN	NNP <adj> NNP	0.41335044929396664	0.003436426116838488	0.00819672131147541	1.0319917440660474E-4	1.0319917440660474E-4	1.0319917440660474E-4	ban	0.33333333333333337	0	0	2	0.41335044929396664
	metro	http://dbpedia.org/ontology/operatedBy	hangzhou metro	2	hangzhou <adj>	NNP NNP	NNP <adj>	0.41335044929396664	0.003436426116838488	0.00819672131147541	0.017234262125902993	2.063983488132095E-4	2.063983488132095E-4	tro	0.3571428571428571	0	1	2	0.41335044929396664
	metro	http://dbpedia.org/ontology/operatedBy	shenyang metro	2	shenyang <adj>	NNP NNP	NNP <adj>	0.41335044929396664	0.003436426116838488	0.00819672131147541	0.017234262125902993	2.063983488132095E-4	2.063983488132095E-4	tro	0.3571428571428571	0	1	2	0.41335044929396664
	est	http://dbpedia.org/ontology/operatedBy	ferrovie del sud est	1	ferrovie del sud <adj>	NNP NNP NNP NNP	NNP NNP NNP <adj>	0.41335044929396664	0.003436426116838488	0.00819672131147541	1.0319917440660474E-4	1.0319917440660474E-4	1.0319917440660474E-4	est	0.15000000000000002	0	1	4	0.41335044929396664
	south	http://dbpedia.org/ontology/operatedBy	south devon and tavistock railway	2	<adj> devon and tavistock railway	NNP NNP CC NNP NNP	<adj> NNP CC NNP NNP	0.41335044929396664	0.003436426116838488	0.00819672131147541	0.004231166150670795	2.063983488132095E-4	2.063983488132095E-4	uth	0.1515151515151515	1	0	1	0.41335044929396664
	eastern	http://dbpedia.org/ontology/operatedBy	north eastern railway	1	north <adj> railway	NNP NNP NNP	NNP <adj> NNP	0.41335044929396664	0.003436426116838488	0.00819672131147541	0.011145510835913313	1.0319917440660474E-4	6.191950464396285E-4	ern	0.33333333333333337	0	0	2	0.41335044929396664
	metro	http://dbpedia.org/ontology/operatedBy	xi'an metro	1	xi'an <adj>	NNP NNP	NNP <adj>	0.41335044929396664	0.003436426116838488	0.00819672131147541	0.017234262125902993	1.0319917440660474E-4	1.0319917440660474E-4	tro	0.4545454545454546	0	1	2	0.41335044929396664
	east	http://dbpedia.org/ontology/operatedBy	east coast railway zone	5	<adj> coast railway zone	NNP NNP NNP NNP	<adj> NNP NNP NNP	0.41335044929396664	0.003436426116838488	0.00819672131147541	0.08937048503611972	5.159958720330237E-4	5.159958720330237E-4	ast	0.17391304347826086	1	0	1	0.41335044929396664
	eastern	http://dbpedia.org/ontology/operatedBy	north eastern railway zone	1	north <adj> railway zone	NNP NNP NNP NNP	NNP <adj> NNP NNP	0.41335044929396664	0.003436426116838488	0.00819672131147541	0.011145510835913313	1.0319917440660474E-4	1.0319917440660474E-4	ern	0.2692307692307693	0	0	2	0.41335044929396664
	central	http://dbpedia.org/ontology/operatedBy	south east central railway zone	4	south east <adj> railway zone	NNP NNP NNP NNP NNP	NNP NNP <adj> NNP NNP	0.41335044929396664	0.003436426116838488	0.00819672131147541	0.03632610939112487	4.12796697626419E-4	4.12796697626419E-4	ral	0.22580645161290325	0	0	3	0.41335044929396664
	municipal	http://dbpedia.org/ontology/operatedBy	bhopal municipal corporation	1	bhopal <adj> corporation	NNP NNP NNP	NNP <adj> NNP	0.41335044929396664	0.003436426116838488	0.00819672131147541	0.015170278637770897	1.0319917440660474E-4	1.0319917440660474E-4	pal	0.3214285714285714	0	0	2	0.41335044929396664
	central	http://dbpedia.org/ontology/operatedBy	south central railway zone	3	south <adj> railway zone	NNP NNP NNP NNP	NNP <adj> NNP NNP	0.41335044929396664	0.003436426116838488	0.00819672131147541	0.03632610939112487	3.0959752321981426E-4	3.0959752321981426E-4	ral	0.2692307692307693	0	0	2	0.41335044929396664
